{
    "name": "Купание и уход за кожей",
    "code": "525",
    "products": [
        {
            "id": 22883,
            "name": "Крем Johnsons Baby, увлажнение, 100 мл",
            "mech": null,
            "img_link": "https://media.5ka.ru/media/products/2159633.jpg",
            "plu": 2159633,
            "promo": {
                "id": 1163332313,
                "date_begin": "2021-02-28",
                "date_end": "2021-04-06",
                "type": "",
                "description": "",
                "kind": "Z011",
                "expired_at": 11
            },
            "current_prices": {
                "price_reg__min": 141.0,
                "price_promo__min": 139.99
            },
            "store_name": null
        },
        {
            "id": 22827,
            "name": "JOHNSONS BABY Масло детское 200мл",
            "mech": null,
            "img_link": "https://media.5ka.ru/media/products/1933.jpg",
            "plu": 1933,
            "promo": {
                "id": 1163332313,
                "date_begin": "2021-02-28",
                "date_end": "2021-04-06",
                "type": "",
                "description": "",
                "kind": "Z011",
                "expired_at": 11
            },
            "current_prices": {
                "price_reg__min": 189.99,
                "price_promo__min": 159.99
            },
            "store_name": null
        }
    ]
}