{
    "name": "Овощи",
    "code": "531",
    "products": [
        {
            "id": 30541,
            "name": "4 СЕЗОНА 8 овощей 400г",
            "mech": null,
            "img_link": "https://media.5ka.ru/media/products/3646109.jpg",
            "plu": 3646109,
            "promo": {
                "id": 1170494144,
                "date_begin": "2021-03-23",
                "date_end": "2021-03-29",
                "type": "",
                "description": "",
                "kind": "Z001",
                "expired_at": 3
            },
            "current_prices": {
                "price_reg__min": 85.0,
                "price_promo__min": 64.99
            },
            "store_name": null
        },
        {
            "id": 7712,
            "name": "HORTEX Квартет овощной 400г",
            "mech": null,
            "img_link": "https://media.5ka.ru/media/products/3483015.jpg",
            "plu": 3483015,
            "promo": {
                "id": 1163236940,
                "date_begin": "2021-02-28",
                "date_end": "2021-04-03",
                "type": "",
                "description": "",
                "kind": "Z011",
                "expired_at": 8
            },
            "current_prices": {
                "price_reg__min": 91.05,
                "price_promo__min": 79.99
            },
            "store_name": null
        },
        {
            "id": 7853,
            "name": "Овощная смесь быстрозамороженная. Овощи по-азиатски \"Вок\" 400 г.",
            "mech": null,
            "img_link": "https://media.5ka.ru/media/products/4087615.jpg",
            "plu": 4087615,
            "promo": {
                "id": 1163236940,
                "date_begin": "2021-02-28",
                "date_end": "2021-04-03",
                "type": "",
                "description": "",
                "kind": "Z011",
                "expired_at": 8
            },
            "current_prices": {
                "price_reg__min": 174.99,
                "price_promo__min": 119.99
            },
            "store_name": null
        },
        {
            "id": 7854,
            "name": "Овощная смесь быстрозамороженная. Овощи по-турецки \"Фасулье\" 400г.",
            "mech": null,
            "img_link": "https://media.5ka.ru/media/products/4087616.jpg",
            "plu": 4087616,
            "promo": {
                "id": 1163236940,
                "date_begin": "2021-02-28",
                "date_end": "2021-04-03",
                "type": "",
                "description": "",
                "kind": "Z011",
                "expired_at": 8
            },
            "current_prices": {
                "price_reg__min": 174.99,
                "price_promo__min": 119.99
            },
            "store_name": null
        },
        {
            "id": 7800,
            "name": "Смесь овощная замороженная Грибное ризотто с лисичками 0,4 кг Vитамин",
            "mech": null,
            "img_link": "https://media.5ka.ru/media/products/3984861.jpg",
            "plu": 3984861,
            "promo": {
                "id": 1163236940,
                "date_begin": "2021-02-28",
                "date_end": "2021-04-03",
                "type": "",
                "description": "",
                "kind": "Z011",
                "expired_at": 8
            },
            "current_prices": {
                "price_reg__min": 234.99,
                "price_promo__min": 189.99
            },
            "store_name": null
        }
    ]
}