{
    "name": "Для мытья посуды",
    "code": "568",
    "products": [
        {
            "id": 30508,
            "name": "SYNERGETIC Сред.д/мыт.пос.биоразл.0,5л",
            "mech": null,
            "img_link": "https://media.5ka.ru/media/products/3501662.jpg",
            "plu": 3501662,
            "promo": {
                "id": 1170494144,
                "date_begin": "2021-03-23",
                "date_end": "2021-03-29",
                "type": "",
                "description": "",
                "kind": "Z001",
                "expired_at": 3
            },
            "current_prices": {
                "price_reg__min": 132.99,
                "price_promo__min": 59.99
            },
            "store_name": null
        },
        {
            "id": 30572,
            "name": "SYNERGETIC Ср.д/мыт.пос/игр.ар.Алоэ 0,5л",
            "mech": null,
            "img_link": "https://media.5ka.ru/media/products/3682367.jpg",
            "plu": 3682367,
            "promo": {
                "id": 1170494144,
                "date_begin": "2021-03-23",
                "date_end": "2021-03-29",
                "type": "",
                "description": "",
                "kind": "Z001",
                "expired_at": 3
            },
            "current_prices": {
                "price_reg__min": 114.99,
                "price_promo__min": 59.99
            },
            "store_name": null
        },
        {
            "id": 30567,
            "name": "AOS Сред.БАЛЬЗАМ д/мытья посуд.жид.900г",
            "mech": null,
            "img_link": "https://media.5ka.ru/media/products/3678617.jpg",
            "plu": 3678617,
            "promo": {
                "id": 1170494144,
                "date_begin": "2021-03-23",
                "date_end": "2021-03-29",
                "type": "",
                "description": "",
                "kind": "Z001",
                "expired_at": 3
            },
            "current_prices": {
                "price_reg__min": 169.99,
                "price_promo__min": 99.99
            },
            "store_name": null
        },
        {
            "id": 30570,
            "name": "AOS Сред.БАЛЬЗ.АЛ.ВЕР.д/мыт.пос.жид.900г",
            "mech": null,
            "img_link": "https://media.5ka.ru/media/products/3679975.jpg",
            "plu": 3679975,
            "promo": {
                "id": 1170494144,
                "date_begin": "2021-03-23",
                "date_end": "2021-03-29",
                "type": "",
                "description": "",
                "kind": "Z001",
                "expired_at": 3
            },
            "current_prices": {
                "price_reg__min": 169.99,
                "price_promo__min": 99.99
            },
            "store_name": null
        }
    ]
}