{
    "name": "Чистящие средства для ванной и туалета",
    "code": "571",
    "products": [
        {
            "id": 22936,
            "name": "CIL.B.Ср-во СИЛ.ЦИТР.дезинф.д/туал.750мл",
            "mech": null,
            "img_link": "https://media.5ka.ru/media/products/3438042.jpg",
            "plu": 3438042,
            "promo": {
                "id": 1163332313,
                "date_begin": "2021-02-28",
                "date_end": "2021-04-06",
                "type": "",
                "description": "",
                "kind": "Z011",
                "expired_at": 11
            },
            "current_prices": {
                "price_reg__min": 124.99,
                "price_promo__min": 119.99
            },
            "store_name": null
        }
    ]
}