{
    "name": "Для стирки",
    "code": "573",
    "products": [
        {
            "id": 22986,
            "name": "Кондиционер для белья Vernel, пион, 910 мл",
            "mech": null,
            "img_link": "https://media.5ka.ru/media/products/3625267.jpg",
            "plu": 3625267,
            "promo": {
                "id": 1163332313,
                "date_begin": "2021-02-28",
                "date_end": "2021-04-06",
                "type": "",
                "description": "",
                "kind": "Z011",
                "expired_at": 11
            },
            "current_prices": {
                "price_reg__min": 168.99,
                "price_promo__min": 99.99
            },
            "store_name": null
        },
        {
            "id": 22987,
            "name": "Кондиционер для белья Vernel, гибискус и роза, 910 мл",
            "mech": null,
            "img_link": "https://media.5ka.ru/media/products/3625268.jpg",
            "plu": 3625268,
            "promo": {
                "id": 1163332313,
                "date_begin": "2021-02-28",
                "date_end": "2021-04-06",
                "type": "",
                "description": "",
                "kind": "Z011",
                "expired_at": 11
            },
            "current_prices": {
                "price_reg__min": 168.99,
                "price_promo__min": 99.99
            },
            "store_name": null
        },
        {
            "id": 23017,
            "name": "VERNEL Конд.SUPR.ROMANCE д/бел.конц600мл",
            "mech": null,
            "img_link": "https://media.5ka.ru/media/products/3660969.jpg",
            "plu": 3660969,
            "promo": {
                "id": 1163332313,
                "date_begin": "2021-02-28",
                "date_end": "2021-04-06",
                "type": "",
                "description": "",
                "kind": "Z011",
                "expired_at": 11
            },
            "current_prices": {
                "price_reg__min": 169.99,
                "price_promo__min": 99.99
            },
            "store_name": null
        },
        {
            "id": 30527,
            "name": "Кондиционер для белья концентрированный \"Вернель Свежий Бриз\" 1820мл.",
            "mech": null,
            "img_link": "https://media.5ka.ru/media/products/3627015.jpg",
            "plu": 3627015,
            "promo": {
                "id": 1170494144,
                "date_begin": "2021-03-23",
                "date_end": "2021-03-29",
                "type": "",
                "description": "",
                "kind": "Z001",
                "expired_at": 3
            },
            "current_prices": {
                "price_reg__min": 339.99,
                "price_promo__min": 179.99
            },
            "store_name": null
        },
        {
            "id": 30528,
            "name": "Кондиционер для белья концентрированный \"Вернель Ароматерапия Нектар Вдохновения Цветок Ванили и Цитрусовое Масло\" 1820мл.",
            "mech": null,
            "img_link": "https://media.5ka.ru/media/products/3627017.jpg",
            "plu": 3627017,
            "promo": {
                "id": 1170494144,
                "date_begin": "2021-03-23",
                "date_end": "2021-03-29",
                "type": "",
                "description": "",
                "kind": "Z001",
                "expired_at": 3
            },
            "current_prices": {
                "price_reg__min": 299.99,
                "price_promo__min": 179.99
            },
            "store_name": null
        },
        {
            "id": 22962,
            "name": "ЛАСКА Ср.УХОД/ВОССТ.д/стир.жид.1л",
            "mech": null,
            "img_link": "https://media.5ka.ru/media/products/3491763.jpg",
            "plu": 3491763,
            "promo": {
                "id": 1163332313,
                "date_begin": "2021-02-28",
                "date_end": "2021-04-06",
                "type": "",
                "description": "",
                "kind": "Z011",
                "expired_at": 11
            },
            "current_prices": {
                "price_reg__min": 219.0,
                "price_promo__min": 189.99
            },
            "store_name": null
        },
        {
            "id": 23093,
            "name": "Средство для стирки жидкое ЛАСКА ШЕРСТЬ И ШЁЛК 1Л",
            "mech": null,
            "img_link": "https://media.5ka.ru/media/products/3965695.jpg",
            "plu": 3965695,
            "promo": {
                "id": 1163332313,
                "date_begin": "2021-02-28",
                "date_end": "2021-04-06",
                "type": "",
                "description": "",
                "kind": "Z011",
                "expired_at": 11
            },
            "current_prices": {
                "price_reg__min": 269.8,
                "price_promo__min": 189.99
            },
            "store_name": null
        },
        {
            "id": 23094,
            "name": "Средство для стирки жидкое ЛАСКА ДЛЯ ЦВЕТНОГО 1Л",
            "mech": null,
            "img_link": "https://media.5ka.ru/media/products/3965696.jpg",
            "plu": 3965696,
            "promo": {
                "id": 1163332313,
                "date_begin": "2021-02-28",
                "date_end": "2021-04-06",
                "type": "",
                "description": "",
                "kind": "Z011",
                "expired_at": 11
            },
            "current_prices": {
                "price_reg__min": 269.8,
                "price_promo__min": 189.99
            },
            "store_name": null
        },
        {
            "id": 23095,
            "name": "Средство для стирки жидкое ЛАСКА ДЛЯ ТЁМНОГО 1Л",
            "mech": null,
            "img_link": "https://media.5ka.ru/media/products/3965697.jpg",
            "plu": 3965697,
            "promo": {
                "id": 1163332313,
                "date_begin": "2021-02-28",
                "date_end": "2021-04-06",
                "type": "",
                "description": "",
                "kind": "Z011",
                "expired_at": 11
            },
            "current_prices": {
                "price_reg__min": 269.8,
                "price_promo__min": 189.99
            },
            "store_name": null
        },
        {
            "id": 30656,
            "name": "Средство для стирки концентрированное \"Капс Колор\" в водорастворимых капсулах 14 шт",
            "mech": null,
            "img_link": "https://media.5ka.ru/media/products/4072303.jpg",
            "plu": 4072303,
            "promo": {
                "id": 1170494144,
                "date_begin": "2021-03-23",
                "date_end": "2021-03-29",
                "type": "",
                "description": "",
                "kind": "Z001",
                "expired_at": 3
            },
            "current_prices": {
                "price_reg__min": 299.99,
                "price_promo__min": 189.99
            },
            "store_name": null
        },
        {
            "id": 30657,
            "name": "Средство для стирки концентрированное \"Персил Капс Свежесть от Вернель\" в водорастворимых капсулах 14 шт",
            "mech": null,
            "img_link": "https://media.5ka.ru/media/products/4072309.jpg",
            "plu": 4072309,
            "promo": {
                "id": 1170494144,
                "date_begin": "2021-03-23",
                "date_end": "2021-03-29",
                "type": "",
                "description": "",
                "kind": "Z001",
                "expired_at": 3
            },
            "current_prices": {
                "price_reg__min": 299.99,
                "price_promo__min": 189.99
            },
            "store_name": null
        },
        {
            "id": 30378,
            "name": "Стиральный порошок Bimax, в абелые вершины, 3 кг",
            "mech": null,
            "img_link": "https://media.5ka.ru/media/products/2161508.jpg",
            "plu": 2161508,
            "promo": {
                "id": 1170494144,
                "date_begin": "2021-03-23",
                "date_end": "2021-03-29",
                "type": "",
                "description": "",
                "kind": "Z001",
                "expired_at": 3
            },
            "current_prices": {
                "price_reg__min": 249.99,
                "price_promo__min": 199.99
            },
            "store_name": null
        },
        {
            "id": 30379,
            "name": "Стиральный порошок Bimax, Color, 3 кг",
            "mech": null,
            "img_link": "https://media.5ka.ru/media/products/2161528.jpg",
            "plu": 2161528,
            "promo": {
                "id": 1170494144,
                "date_begin": "2021-03-23",
                "date_end": "2021-03-29",
                "type": "",
                "description": "",
                "kind": "Z001",
                "expired_at": 3
            },
            "current_prices": {
                "price_reg__min": 249.99,
                "price_promo__min": 199.99
            },
            "store_name": null
        },
        {
            "id": 30388,
            "name": "Стиральный порошок Bimax, 1000 пятен, 3 кг",
            "mech": null,
            "img_link": "https://media.5ka.ru/media/products/3142962.jpg",
            "plu": 3142962,
            "promo": {
                "id": 1170494144,
                "date_begin": "2021-03-23",
                "date_end": "2021-03-29",
                "type": "",
                "description": "",
                "kind": "Z001",
                "expired_at": 3
            },
            "current_prices": {
                "price_reg__min": 249.99,
                "price_promo__min": 199.99
            },
            "store_name": null
        },
        {
            "id": 30362,
            "name": "Стиральный порошок Persil, свежесть вернель, 3 кг",
            "mech": null,
            "img_link": "https://media.5ka.ru/media/products/2070686.jpg",
            "plu": 2070686,
            "promo": {
                "id": 1170494144,
                "date_begin": "2021-03-23",
                "date_end": "2021-03-29",
                "type": "",
                "description": "",
                "kind": "Z001",
                "expired_at": 3
            },
            "current_prices": {
                "price_reg__min": 280.2,
                "price_promo__min": 229.99
            },
            "store_name": null
        },
        {
            "id": 30383,
            "name": "Стиральный порошок Persil, color, 3 кг",
            "mech": null,
            "img_link": "https://media.5ka.ru/media/products/3023899.jpg",
            "plu": 3023899,
            "promo": {
                "id": 1170494144,
                "date_begin": "2021-03-23",
                "date_end": "2021-03-29",
                "type": "",
                "description": "",
                "kind": "Z001",
                "expired_at": 3
            },
            "current_prices": {
                "price_reg__min": 311.0,
                "price_promo__min": 229.99
            },
            "store_name": null
        },
        {
            "id": 30584,
            "name": "Персил Ср.д/ст.жид. ПАУЭР ГЕЛЬ СВЕЖЕСТЬ от Vernel 1,3 л",
            "mech": null,
            "img_link": "https://media.5ka.ru/media/products/3923578.jpg",
            "plu": 3923578,
            "promo": {
                "id": 1170494144,
                "date_begin": "2021-03-23",
                "date_end": "2021-03-29",
                "type": "",
                "description": "",
                "kind": "Z001",
                "expired_at": 3
            },
            "current_prices": {
                "price_reg__min": 299.99,
                "price_promo__min": 229.99
            },
            "store_name": null
        },
        {
            "id": 30585,
            "name": "Персил Ср.д/ст.жид. КОЛОР ГЕЛЬ 1,3 л",
            "mech": null,
            "img_link": "https://media.5ka.ru/media/products/3923579.jpg",
            "plu": 3923579,
            "promo": {
                "id": 1170494144,
                "date_begin": "2021-03-23",
                "date_end": "2021-03-29",
                "type": "",
                "description": "",
                "kind": "Z001",
                "expired_at": 3
            },
            "current_prices": {
                "price_reg__min": 299.99,
                "price_promo__min": 229.99
            },
            "store_name": null
        },
        {
            "id": 22926,
            "name": "BIOMIO Порошок ст.д/цвет.бел.б/з.к.1500г",
            "mech": null,
            "img_link": "https://media.5ka.ru/media/products/3418106.jpg",
            "plu": 3418106,
            "promo": {
                "id": 1163332313,
                "date_begin": "2021-02-28",
                "date_end": "2021-04-06",
                "type": "",
                "description": "",
                "kind": "Z011",
                "expired_at": 11
            },
            "current_prices": {
                "price_reg__min": 479.99,
                "price_promo__min": 459.99
            },
            "store_name": null
        }
    ]
}