{
    "name": "Ароматизаторы",
    "code": "574",
    "products": [
        {
            "id": 22938,
            "name": "Освежитель воздуха Glade, японский сад, 300 мл",
            "mech": null,
            "img_link": "https://media.5ka.ru/media/products/3440052.jpg",
            "plu": 3440052,
            "promo": {
                "id": 1163332313,
                "date_begin": "2021-02-28",
                "date_end": "2021-04-06",
                "type": "",
                "description": "",
                "kind": "Z011",
                "expired_at": 11
            },
            "current_prices": {
                "price_reg__min": 89.9,
                "price_promo__min": 74.99
            },
            "store_name": null
        },
        {
            "id": 23005,
            "name": "Освежитель воздуха Glade, пион-сочные ягоды, 300 мл",
            "mech": null,
            "img_link": "https://media.5ka.ru/media/products/3654065.jpg",
            "plu": 3654065,
            "promo": {
                "id": 1163332313,
                "date_begin": "2021-02-28",
                "date_end": "2021-04-06",
                "type": "",
                "description": "",
                "kind": "Z011",
                "expired_at": 11
            },
            "current_prices": {
                "price_reg__min": 89.99,
                "price_promo__min": 74.99
            },
            "store_name": null
        },
        {
            "id": 22906,
            "name": "GLADE Освеж.AUTOM.ГАВ.БРИЗ см.бал.269мл",
            "mech": null,
            "img_link": "https://media.5ka.ru/media/products/3347030.jpg",
            "plu": 3347030,
            "promo": {
                "id": 1163332313,
                "date_begin": "2021-02-28",
                "date_end": "2021-04-06",
                "type": "",
                "description": "",
                "kind": "Z011",
                "expired_at": 11
            },
            "current_prices": {
                "price_reg__min": 173.65,
                "price_promo__min": 159.99
            },
            "store_name": null
        },
        {
            "id": 22918,
            "name": "GLADE Осв.возд.AUT.ОК.ОАЗИС см.бал.269мл",
            "mech": null,
            "img_link": "https://media.5ka.ru/media/products/3404252.jpg",
            "plu": 3404252,
            "promo": {
                "id": 1163332313,
                "date_begin": "2021-02-28",
                "date_end": "2021-04-06",
                "type": "",
                "description": "",
                "kind": "Z011",
                "expired_at": 11
            },
            "current_prices": {
                "price_reg__min": 265.0,
                "price_promo__min": 159.99
            },
            "store_name": null
        },
        {
            "id": 22937,
            "name": "GLADE Осв.возд.СВЕЖ.УТРА аэроз.269мл",
            "mech": null,
            "img_link": "https://media.5ka.ru/media/products/3440047.jpg",
            "plu": 3440047,
            "promo": {
                "id": 1163332313,
                "date_begin": "2021-02-28",
                "date_end": "2021-04-06",
                "type": "",
                "description": "",
                "kind": "Z011",
                "expired_at": 11
            },
            "current_prices": {
                "price_reg__min": 302.99,
                "price_promo__min": 159.99
            },
            "store_name": null
        },
        {
            "id": 23006,
            "name": "GLADE Осв.возд.ПИОН/СОЧ.ЯГ.см.б аэр269мл",
            "mech": null,
            "img_link": "https://media.5ka.ru/media/products/3654067.jpg",
            "plu": 3654067,
            "promo": {
                "id": 1163332313,
                "date_begin": "2021-02-28",
                "date_end": "2021-04-06",
                "type": "",
                "description": "",
                "kind": "Z011",
                "expired_at": 11
            },
            "current_prices": {
                "price_reg__min": 305.0,
                "price_promo__min": 159.99
            },
            "store_name": null
        }
    ]
}