{
    "name": "Корм для кошек",
    "code": "580",
    "products": [
        {
            "id": 7202,
            "name": "PURINA ONE® (ПУРИНА УАН) Корм консервированный полнорационный для домашних кошек, с курицей высокого качества и морковью, 75 гр",
            "mech": null,
            "img_link": "https://media.5ka.ru/media/products/4002291.jpg",
            "plu": 4002291,
            "promo": {
                "id": 1163236921,
                "date_begin": "2021-02-28",
                "date_end": "2021-04-03",
                "type": "",
                "description": "",
                "kind": "Z011",
                "expired_at": 8
            },
            "current_prices": {
                "price_reg__min": 26.99,
                "price_promo__min": 19.99
            },
            "store_name": null
        },
        {
            "id": 7203,
            "name": "PURINA ONE® (ПУРИНА УАН) Корм консервированный полнорационный для взрослых кошек, с говядиной высокого качества и морковью, 75 гр",
            "mech": null,
            "img_link": "https://media.5ka.ru/media/products/4002293.jpg",
            "plu": 4002293,
            "promo": {
                "id": 1163236921,
                "date_begin": "2021-02-28",
                "date_end": "2021-04-03",
                "type": "",
                "description": "",
                "kind": "Z011",
                "expired_at": 8
            },
            "current_prices": {
                "price_reg__min": 26.99,
                "price_promo__min": 19.99
            },
            "store_name": null
        },
        {
            "id": 7198,
            "name": "Katty Корм консервированный полнорационный для кошек с говядиной в соусе, ж/б 415 гр.",
            "mech": null,
            "img_link": "https://media.5ka.ru/media/products/3983129.jpg",
            "plu": 3983129,
            "promo": {
                "id": 1163236921,
                "date_begin": "2021-02-28",
                "date_end": "2021-04-03",
                "type": "",
                "description": "",
                "kind": "Z011",
                "expired_at": 8
            },
            "current_prices": {
                "price_reg__min": 36.99,
                "price_promo__min": 29.99
            },
            "store_name": null
        },
        {
            "id": 7199,
            "name": "Katty Корм консервированный полнорационный для кошек с кроликом в соусе, ж/б 415 гр.",
            "mech": null,
            "img_link": "https://media.5ka.ru/media/products/3983130.jpg",
            "plu": 3983130,
            "promo": {
                "id": 1163236921,
                "date_begin": "2021-02-28",
                "date_end": "2021-04-03",
                "type": "",
                "description": "",
                "kind": "Z011",
                "expired_at": 8
            },
            "current_prices": {
                "price_reg__min": 36.99,
                "price_promo__min": 29.99
            },
            "store_name": null
        },
        {
            "id": 7200,
            "name": "Katty Корм консервированный полнорационный для кошек с курицей в соусе, ж/б 415 гр.",
            "mech": null,
            "img_link": "https://media.5ka.ru/media/products/3983131.jpg",
            "plu": 3983131,
            "promo": {
                "id": 1163236921,
                "date_begin": "2021-02-28",
                "date_end": "2021-04-03",
                "type": "",
                "description": "",
                "kind": "Z011",
                "expired_at": 8
            },
            "current_prices": {
                "price_reg__min": 36.99,
                "price_promo__min": 29.99
            },
            "store_name": null
        },
        {
            "id": 7201,
            "name": "Katty Корм консервированный полнорационный для кошек с печенью в соусе, ж/б 415 гр.",
            "mech": null,
            "img_link": "https://media.5ka.ru/media/products/3983132.jpg",
            "plu": 3983132,
            "promo": {
                "id": 1163236921,
                "date_begin": "2021-02-28",
                "date_end": "2021-04-03",
                "type": "",
                "description": "",
                "kind": "Z011",
                "expired_at": 8
            },
            "current_prices": {
                "price_reg__min": 36.99,
                "price_promo__min": 29.99
            },
            "store_name": null
        },
        {
            "id": 7196,
            "name": "Корм для кошек Dreamies, утка, 60 г",
            "mech": null,
            "img_link": "https://media.5ka.ru/media/products/3652326.jpg",
            "plu": 3652326,
            "promo": {
                "id": 1163236921,
                "date_begin": "2021-02-28",
                "date_end": "2021-04-03",
                "type": "",
                "description": "",
                "kind": "Z011",
                "expired_at": 8
            },
            "current_prices": {
                "price_reg__min": 53.99,
                "price_promo__min": 49.99
            },
            "store_name": null
        }
    ]
}