{
    "name": "Корм для собак",
    "code": "581",
    "products": [
        {
            "id": 7206,
            "name": "Корм консервированный полнорационный Pedigree для взрослых собак миниатюрных пород паштет с говядиной, 80г",
            "mech": null,
            "img_link": "https://media.5ka.ru/media/products/4060059.jpg",
            "plu": 4060059,
            "promo": {
                "id": 1163236921,
                "date_begin": "2021-02-28",
                "date_end": "2021-04-03",
                "type": "",
                "description": "",
                "kind": "Z011",
                "expired_at": 8
            },
            "current_prices": {
                "price_reg__min": 19.99,
                "price_promo__min": 16.99
            },
            "store_name": null
        },
        {
            "id": 7207,
            "name": "Корм консервированный полнорационный Pedigree для взрослых собак миниатюрных пород паштет с курицей, 80г",
            "mech": null,
            "img_link": "https://media.5ka.ru/media/products/4061858.jpg",
            "plu": 4061858,
            "promo": {
                "id": 1163236921,
                "date_begin": "2021-02-28",
                "date_end": "2021-04-03",
                "type": "",
                "description": "",
                "kind": "Z011",
                "expired_at": 8
            },
            "current_prices": {
                "price_reg__min": 19.99,
                "price_promo__min": 16.99
            },
            "store_name": null
        },
        {
            "id": 7208,
            "name": "Корм консервированный полнорационный Pedigree для взрослых собак всех пород с говядиной в соусе, 85г",
            "mech": null,
            "img_link": "https://media.5ka.ru/media/products/4066615.jpg",
            "plu": 4066615,
            "promo": {
                "id": 1163236921,
                "date_begin": "2021-02-28",
                "date_end": "2021-04-03",
                "type": "",
                "description": "",
                "kind": "Z011",
                "expired_at": 8
            },
            "current_prices": {
                "price_reg__min": 17.99,
                "price_promo__min": 16.99
            },
            "store_name": null
        },
        {
            "id": 7209,
            "name": "Корм консервированный полнорационный Pedigree для взрослых собак всех пород с говядиной и ягненком в соусе, 85г",
            "mech": null,
            "img_link": "https://media.5ka.ru/media/products/4066619.jpg",
            "plu": 4066619,
            "promo": {
                "id": 1163236921,
                "date_begin": "2021-02-28",
                "date_end": "2021-04-03",
                "type": "",
                "description": "",
                "kind": "Z011",
                "expired_at": 8
            },
            "current_prices": {
                "price_reg__min": 17.99,
                "price_promo__min": 16.99
            },
            "store_name": null
        },
        {
            "id": 7204,
            "name": "Корм конс.полнор.Pur.ONE МИНИ Контр.веса д/взр.соб.мелк.пор.с низ.физ.акт.или склон.к наб.веса c индейкой,морк.и горох.в подливе 85г",
            "mech": null,
            "img_link": "https://media.5ka.ru/media/products/4025787.jpg",
            "plu": 4025787,
            "promo": {
                "id": 1163236921,
                "date_begin": "2021-02-28",
                "date_end": "2021-04-03",
                "type": "",
                "description": "",
                "kind": "Z011",
                "expired_at": 8
            },
            "current_prices": {
                "price_reg__min": 24.99,
                "price_promo__min": 19.99
            },
            "store_name": null
        },
        {
            "id": 7205,
            "name": "Корм конс.полнорац.Purina ONE МИНИ Активная. д/взр.соб.мелк.пор.с акт.образ.жизни с уткой, пастой и зел.фасолью в подливе 85г",
            "mech": null,
            "img_link": "https://media.5ka.ru/media/products/4025791.jpg",
            "plu": 4025791,
            "promo": {
                "id": 1163236921,
                "date_begin": "2021-02-28",
                "date_end": "2021-04-03",
                "type": "",
                "description": "",
                "kind": "Z011",
                "expired_at": 8
            },
            "current_prices": {
                "price_reg__min": 24.99,
                "price_promo__min": 19.99
            },
            "store_name": null
        },
        {
            "id": 28586,
            "name": "Корм консервированный полнорационный Cesar для взрослых собак всех пород с говядиной и овощами в соусе Говядина с овощами, 85г",
            "mech": null,
            "img_link": "https://media.5ka.ru/media/products/4066605.jpg",
            "plu": 4066605,
            "promo": {
                "id": 1170481579,
                "date_begin": "2021-03-23",
                "date_end": "2021-03-29",
                "type": "",
                "description": "",
                "kind": "Z001",
                "expired_at": 3
            },
            "current_prices": {
                "price_reg__min": 25.99,
                "price_promo__min": 19.99
            },
            "store_name": null
        },
        {
            "id": 28587,
            "name": "Корм консервированный полнорационный Cesar для взрослых собак всех пород с ягненком и овощами в соусе Ягненок с овощами, 85г",
            "mech": null,
            "img_link": "https://media.5ka.ru/media/products/4066607.jpg",
            "plu": 4066607,
            "promo": {
                "id": 1170481579,
                "date_begin": "2021-03-23",
                "date_end": "2021-03-29",
                "type": "",
                "description": "",
                "kind": "Z001",
                "expired_at": 3
            },
            "current_prices": {
                "price_reg__min": 25.99,
                "price_promo__min": 19.99
            },
            "store_name": null
        }
    ]
}