{
    "name": "Блины",
    "code": "604",
    "products": [
        {
            "id": 7700,
            "name": "Блинчики Морозко, яблоко-корица-лимон, 210 г",
            "mech": null,
            "img_link": "https://media.5ka.ru/media/products/3452442.jpg",
            "plu": 3452442,
            "promo": {
                "id": 1163236940,
                "date_begin": "2021-02-28",
                "date_end": "2021-04-03",
                "type": "",
                "description": "",
                "kind": "Z011",
                "expired_at": 8
            },
            "current_prices": {
                "price_reg__min": 37.49,
                "price_promo__min": 36.99
            },
            "store_name": null
        },
        {
            "id": 7696,
            "name": "СОЛНЦЕПЕК Оладьи 275г",
            "mech": null,
            "img_link": "https://media.5ka.ru/media/products/3443977.jpg",
            "plu": 3443977,
            "promo": {
                "id": 1163236940,
                "date_begin": "2021-02-28",
                "date_end": "2021-04-03",
                "type": "",
                "description": "",
                "kind": "Z011",
                "expired_at": 8
            },
            "current_prices": {
                "price_reg__min": 69.99,
                "price_promo__min": 46.99
            },
            "store_name": null
        },
        {
            "id": 7683,
            "name": "В ВЕЛ.ПОСТ Блинч.с карт/гр.п/ф зам.420г",
            "mech": null,
            "img_link": "https://media.5ka.ru/media/products/3417343.jpg",
            "plu": 3417343,
            "promo": {
                "id": 1163236940,
                "date_begin": "2021-02-28",
                "date_end": "2021-04-03",
                "type": "",
                "description": "",
                "kind": "Z011",
                "expired_at": 8
            },
            "current_prices": {
                "price_reg__min": 94.99,
                "price_promo__min": 59.99
            },
            "store_name": null
        },
        {
            "id": 7738,
            "name": "Блинчики с малиной 80 гр. 0,4 кг.",
            "mech": null,
            "img_link": "https://media.5ka.ru/media/products/3633258.jpg",
            "plu": 3633258,
            "promo": {
                "id": 1163236940,
                "date_begin": "2021-02-28",
                "date_end": "2021-04-03",
                "type": "",
                "description": "",
                "kind": "Z011",
                "expired_at": 8
            },
            "current_prices": {
                "price_reg__min": 248.99,
                "price_promo__min": 199.99
            },
            "store_name": null
        }
    ]
}