{
    "name": "Готовые блюда",
    "code": "606",
    "products": [
        {
            "id": 7711,
            "name": "ГОР.ШТУЧ.Круггет.с сыр/с.м/птицы 1с 250г",
            "mech": null,
            "img_link": "https://media.5ka.ru/media/products/3477910.jpg",
            "plu": 3477910,
            "promo": {
                "id": 1163236940,
                "date_begin": "2021-02-28",
                "date_end": "2021-04-03",
                "type": "",
                "description": "",
                "kind": "Z011",
                "expired_at": 8
            },
            "current_prices": {
                "price_reg__min": 94.95,
                "price_promo__min": 89.99
            },
            "store_name": null
        },
        {
            "id": 30459,
            "name": "Хотстеры, сосиски в тесте, Горячая штучка, 250 г",
            "mech": null,
            "img_link": "https://media.5ka.ru/media/products/3435321.jpg",
            "plu": 3435321,
            "promo": {
                "id": 1170494144,
                "date_begin": "2021-03-23",
                "date_end": "2021-03-29",
                "type": "",
                "description": "",
                "kind": "Z001",
                "expired_at": 3
            },
            "current_prices": {
                "price_reg__min": 99.05,
                "price_promo__min": 89.99
            },
            "store_name": null
        }
    ]
}