{
    "name": "Котлеты и наггетсы",
    "code": "607",
    "products": [
        {
            "id": 30487,
            "name": "Котлеты Белорусские, из индейки, 560 г",
            "mech": null,
            "img_link": "https://media.5ka.ru/media/products/3471982.jpg",
            "plu": 3471982,
            "promo": {
                "id": 1170494144,
                "date_begin": "2021-03-23",
                "date_end": "2021-03-29",
                "type": "",
                "description": "",
                "kind": "Z001",
                "expired_at": 3
            },
            "current_prices": {
                "price_reg__min": 184.99,
                "price_promo__min": 122.99
            },
            "store_name": null
        }
    ]
}