{
    "name": "Пельмени",
    "code": "608",
    "products": [
        {
            "id": 30351,
            "name": "Пельм.ЛОЖКАРЕВ из отб.говяд450г",
            "mech": null,
            "img_link": "https://media.5ka.ru/media/products/2024541.jpg",
            "plu": 2024541,
            "promo": {
                "id": 1170494144,
                "date_begin": "2021-03-23",
                "date_end": "2021-03-29",
                "type": "",
                "description": "",
                "kind": "Z001",
                "expired_at": 3
            },
            "current_prices": {
                "price_reg__min": 109.9,
                "price_promo__min": 99.99
            },
            "store_name": null
        },
        {
            "id": 30557,
            "name": "Пельмени Цезарь Классика, 800 г",
            "mech": null,
            "img_link": "https://media.5ka.ru/media/products/3666703.jpg",
            "plu": 3666703,
            "promo": {
                "id": 1170494144,
                "date_begin": "2021-03-23",
                "date_end": "2021-03-29",
                "type": "",
                "description": "",
                "kind": "Z001",
                "expired_at": 3
            },
            "current_prices": {
                "price_reg__min": 399.99,
                "price_promo__min": 224.99
            },
            "store_name": null
        },
        {
            "id": 30566,
            "name": "ЦЕЗАРЬ Пельмени ДОМАШНИЕ 800г",
            "mech": null,
            "img_link": "https://media.5ka.ru/media/products/3672557.jpg",
            "plu": 3672557,
            "promo": {
                "id": 1170494144,
                "date_begin": "2021-03-23",
                "date_end": "2021-03-29",
                "type": "",
                "description": "",
                "kind": "Z001",
                "expired_at": 3
            },
            "current_prices": {
                "price_reg__min": 453.99,
                "price_promo__min": 309.99
            },
            "store_name": null
        }
    ]
}