{
    "name": "Мороженое",
    "code": "613",
    "products": [
        {
            "id": 30642,
            "name": "48 КОПЕЕК. БЗМЖ МОРОЖЕНОЕ ПЛОМБИР. Флоу-пак 210 г МДЖ 12%",
            "mech": null,
            "img_link": "https://media.5ka.ru/media/products/4048085.jpg",
            "plu": 4048085,
            "promo": {
                "id": 1170494144,
                "date_begin": "2021-03-23",
                "date_end": "2021-03-29",
                "type": "",
                "description": "",
                "kind": "Z001",
                "expired_at": 3
            },
            "current_prices": {
                "price_reg__min": 119.99,
                "price_promo__min": 64.99
            },
            "store_name": null
        }
    ]
}