{
    "name": "Морепродукты",
    "code": "614",
    "products": [
        {
            "id": 30514,
            "name": "КР.ЦЕНА Креветки мелкие неразд.в/м 400г",
            "mech": null,
            "img_link": "https://media.5ka.ru/media/products/3605498.jpg",
            "plu": 3605498,
            "promo": {
                "id": 1170494144,
                "date_begin": "2021-03-23",
                "date_end": "2021-03-29",
                "type": "",
                "description": "",
                "kind": "Z001",
                "expired_at": 3
            },
            "current_prices": {
                "price_reg__min": 155.19,
                "price_promo__min": 129.99
            },
            "store_name": null
        }
    ]
}