{
    "name": "Рыба",
    "code": "615",
    "products": [
        {
            "id": 30535,
            "name": "Хек Fish House, 800 г",
            "mech": null,
            "img_link": "https://media.5ka.ru/media/products/3638883.jpg",
            "plu": 3638883,
            "promo": {
                "id": 1170494144,
                "date_begin": "2021-03-23",
                "date_end": "2021-03-29",
                "type": "",
                "description": "",
                "kind": "Z001",
                "expired_at": 3
            },
            "current_prices": {
                "price_reg__min": 179.99,
                "price_promo__min": 169.99
            },
            "store_name": null
        },
        {
            "id": 30526,
            "name": "Треска филе, Fish House, 600 г",
            "mech": null,
            "img_link": "https://media.5ka.ru/media/products/3626338.jpg",
            "plu": 3626338,
            "promo": {
                "id": 1170494144,
                "date_begin": "2021-03-23",
                "date_end": "2021-03-29",
                "type": "",
                "description": "",
                "kind": "Z001",
                "expired_at": 3
            },
            "current_prices": {
                "price_reg__min": 249.0,
                "price_promo__min": 199.99
            },
            "store_name": null
        }
    ]
}