{
    "name": "Мясные деликатесы и заливное",
    "code": "629",
    "products": [
        {
            "id": 7833,
            "name": "Мясосодержащий продукт категории Б. Колбасное изделие. Паштет \"Рублевский\", запеченный, охлажденный 150гр",
            "mech": null,
            "img_link": "https://media.5ka.ru/media/products/4055686.jpg",
            "plu": 4055686,
            "promo": {
                "id": 1163236940,
                "date_begin": "2021-02-28",
                "date_end": "2021-04-03",
                "type": "",
                "description": "",
                "kind": "Z011",
                "expired_at": 8
            },
            "current_prices": {
                "price_reg__min": 89.99,
                "price_promo__min": 49.99
            },
            "store_name": null
        },
        {
            "id": 7671,
            "name": "ЕГОРЬЕВ.КГФ Карб.ПО-ЕГОРЬЕВ.к/в нар.115г",
            "mech": null,
            "img_link": "https://media.5ka.ru/media/products/3379713.jpg",
            "plu": 3379713,
            "promo": {
                "id": 1163236940,
                "date_begin": "2021-02-28",
                "date_end": "2021-04-03",
                "type": "",
                "description": "",
                "kind": "Z011",
                "expired_at": 8
            },
            "current_prices": {
                "price_reg__min": 139.99,
                "price_promo__min": 99.99
            },
            "store_name": null
        },
        {
            "id": 30500,
            "name": "РЕМИТ Шейка из свинины к/в кат.Б 150г",
            "mech": null,
            "img_link": "https://media.5ka.ru/media/products/3499533.jpg",
            "plu": 3499533,
            "promo": {
                "id": 1170494144,
                "date_begin": "2021-03-23",
                "date_end": "2021-03-29",
                "type": "",
                "description": "",
                "kind": "Z001",
                "expired_at": 3
            },
            "current_prices": {
                "price_reg__min": 129.0,
                "price_promo__min": 119.99
            },
            "store_name": null
        },
        {
            "id": 30579,
            "name": "Грудка по-черкизовски, свиная, 300 г",
            "mech": null,
            "img_link": "https://media.5ka.ru/media/products/3691119.jpg",
            "plu": 3691119,
            "promo": {
                "id": 1170494144,
                "date_begin": "2021-03-23",
                "date_end": "2021-03-29",
                "type": "",
                "description": "",
                "kind": "Z001",
                "expired_at": 3
            },
            "current_prices": {
                "price_reg__min": 185.99,
                "price_promo__min": 149.99
            },
            "store_name": null
        },
        {
            "id": 30611,
            "name": "Ветчина из индейки, Вязанка, 450 г",
            "mech": null,
            "img_link": "https://media.5ka.ru/media/products/4005633.jpg",
            "plu": 4005633,
            "promo": {
                "id": 1170494144,
                "date_begin": "2021-03-23",
                "date_end": "2021-03-29",
                "type": "",
                "description": "",
                "kind": "Z001",
                "expired_at": 3
            },
            "current_prices": {
                "price_reg__min": 276.99,
                "price_promo__min": 154.99
            },
            "store_name": null
        },
        {
            "id": 7760,
            "name": "Лопатка Фермерская, варено копченая, Черкизово, 1 кг",
            "mech": null,
            "img_link": "https://media.5ka.ru/media/products/3677037.jpg",
            "plu": 3677037,
            "promo": {
                "id": 1163236940,
                "date_begin": "2021-02-28",
                "date_end": "2021-04-03",
                "type": "",
                "description": "",
                "kind": "Z011",
                "expired_at": 8
            },
            "current_prices": {
                "price_reg__min": 594.99,
                "price_promo__min": 469.99
            },
            "store_name": null
        }
    ]
}