{
    "name": "Сосиски, сардельки, шпикачки",
    "code": "635",
    "products": [
        {
            "id": 30426,
            "name": "Сосиски Докторские, Велком, 440 г",
            "mech": null,
            "img_link": "https://media.5ka.ru/media/products/3385843.jpg",
            "plu": 3385843,
            "promo": {
                "id": 1170494144,
                "date_begin": "2021-03-23",
                "date_end": "2021-03-29",
                "type": "",
                "description": "",
                "kind": "Z001",
                "expired_at": 3
            },
            "current_prices": {
                "price_reg__min": 163.0,
                "price_promo__min": 149.99
            },
            "store_name": null
        },
        {
            "id": 7669,
            "name": "Сосиски КЛИНСКИЕ с сыр.ц/о охл.МГА 470г",
            "mech": null,
            "img_link": "https://media.5ka.ru/media/products/3370433.jpg",
            "plu": 3370433,
            "promo": {
                "id": 1163236940,
                "date_begin": "2021-02-28",
                "date_end": "2021-04-03",
                "type": "",
                "description": "",
                "kind": "Z011",
                "expired_at": 8
            },
            "current_prices": {
                "price_reg__min": 219.0,
                "price_promo__min": 199.99
            },
            "store_name": null
        },
        {
            "id": 7719,
            "name": "Сардельки Докторские, вареные, Рублевский, 500 г",
            "mech": null,
            "img_link": "https://media.5ka.ru/media/products/3506161.jpg",
            "plu": 3506161,
            "promo": {
                "id": 1163236940,
                "date_begin": "2021-02-28",
                "date_end": "2021-04-03",
                "type": "",
                "description": "",
                "kind": "Z011",
                "expired_at": 8
            },
            "current_prices": {
                "price_reg__min": 328.99,
                "price_promo__min": 199.99
            },
            "store_name": null
        }
    ]
}