{
    "name": "Мясные консервы",
    "code": "638",
    "products": [
        {
            "id": 24096,
            "name": "Паштет печеночный, со сливочным маслом, Главпродукт, 100 г",
            "mech": null,
            "img_link": "https://media.5ka.ru/media/products/3656033.jpg",
            "plu": 3656033,
            "promo": {
                "id": 1171150647,
                "date_begin": "2021-03-23",
                "date_end": "2021-03-29",
                "type": "",
                "description": "",
                "kind": "Z001",
                "expired_at": 3
            },
            "current_prices": {
                "price_reg__min": 54.99,
                "price_promo__min": 44.99
            },
            "store_name": null
        },
        {
            "id": 11864,
            "name": "Ветчина Балтийская, говяжья, 325 г",
            "mech": null,
            "img_link": "https://media.5ka.ru/media/products/2050027.jpg",
            "plu": 2050027,
            "promo": {
                "id": 1163314563,
                "date_begin": "2021-02-28",
                "date_end": "2021-04-07",
                "type": "",
                "description": "",
                "kind": "Z011",
                "expired_at": 12
            },
            "current_prices": {
                "price_reg__min": 147.0,
                "price_promo__min": 109.99
            },
            "store_name": null
        },
        {
            "id": 11993,
            "name": "Консервы мясные стерилизованные. Оленина тушеная особая, 338 г",
            "mech": null,
            "img_link": "https://media.5ka.ru/media/products/3643282.jpg",
            "plu": 3643282,
            "promo": {
                "id": 1163314563,
                "date_begin": "2021-02-28",
                "date_end": "2021-04-07",
                "type": "",
                "description": "",
                "kind": "Z011",
                "expired_at": 12
            },
            "current_prices": {
                "price_reg__min": 145.0,
                "price_promo__min": 129.99
            },
            "store_name": null
        },
        {
            "id": 18025,
            "name": "Плов с говядиной DeliLabs 300г в реторт-пакете",
            "mech": null,
            "img_link": "https://media.5ka.ru/media/products/3942564.jpg",
            "plu": 3942564,
            "promo": {
                "id": 1163314563,
                "date_begin": "2021-02-28",
                "date_end": "2021-04-07",
                "type": "",
                "description": "",
                "kind": "Z011",
                "expired_at": 12
            },
            "current_prices": {
                "price_reg__min": 169.99,
                "price_promo__min": 129.99
            },
            "store_name": null
        },
        {
            "id": 18009,
            "name": "Свинина Великолукский МК тушеная ГОСТ 325 г",
            "mech": null,
            "img_link": "https://media.5ka.ru/media/products/3675349.jpg",
            "plu": 3675349,
            "promo": {
                "id": 1163314563,
                "date_begin": "2021-02-28",
                "date_end": "2021-04-07",
                "type": "",
                "description": "",
                "kind": "Z011",
                "expired_at": 12
            },
            "current_prices": {
                "price_reg__min": 149.99,
                "price_promo__min": 139.99
            },
            "store_name": null
        },
        {
            "id": 18018,
            "name": "Говядина тушеная высший сорт 325 гр \nВеликолукский Мясокомбинат",
            "mech": null,
            "img_link": "https://media.5ka.ru/media/products/3902643.jpg",
            "plu": 3902643,
            "promo": {
                "id": 1163314563,
                "date_begin": "2021-02-28",
                "date_end": "2021-04-07",
                "type": "",
                "description": "",
                "kind": "Z011",
                "expired_at": 12
            },
            "current_prices": {
                "price_reg__min": 149.99,
                "price_promo__min": 139.99
            },
            "store_name": null
        },
        {
            "id": 30373,
            "name": "Говядина тушеная, Экстра, Барс, 325 г",
            "mech": null,
            "img_link": "https://media.5ka.ru/media/products/2143227.jpg",
            "plu": 2143227,
            "promo": {
                "id": 1170494144,
                "date_begin": "2021-03-23",
                "date_end": "2021-03-29",
                "type": "",
                "description": "",
                "kind": "Z001",
                "expired_at": 3
            },
            "current_prices": {
                "price_reg__min": 189.99,
                "price_promo__min": 169.99
            },
            "store_name": null
        },
        {
            "id": 30374,
            "name": "Свинина тушеная Барс, 325 г",
            "mech": null,
            "img_link": "https://media.5ka.ru/media/products/2143238.jpg",
            "plu": 2143238,
            "promo": {
                "id": 1170494144,
                "date_begin": "2021-03-23",
                "date_end": "2021-03-29",
                "type": "",
                "description": "",
                "kind": "Z001",
                "expired_at": 3
            },
            "current_prices": {
                "price_reg__min": 179.99,
                "price_promo__min": 169.99
            },
            "store_name": null
        },
        {
            "id": 30499,
            "name": "SETRA Филе индейки в с/с 325г",
            "mech": null,
            "img_link": "https://media.5ka.ru/media/products/3499223.jpg",
            "plu": 3499223,
            "promo": {
                "id": 1170494144,
                "date_begin": "2021-03-23",
                "date_end": "2021-03-29",
                "type": "",
                "description": "",
                "kind": "Z001",
                "expired_at": 3
            },
            "current_prices": {
                "price_reg__min": 199.99,
                "price_promo__min": 169.99
            },
            "store_name": null
        },
        {
            "id": 11958,
            "name": "Говядина тушеная, АК СНОВ, 338 г",
            "mech": null,
            "img_link": "https://media.5ka.ru/media/products/3488763.jpg",
            "plu": 3488763,
            "promo": {
                "id": 1163314563,
                "date_begin": "2021-02-28",
                "date_end": "2021-04-07",
                "type": "",
                "description": "",
                "kind": "Z011",
                "expired_at": 12
            },
            "current_prices": {
                "price_reg__min": 212.0,
                "price_promo__min": 199.99
            },
            "store_name": null
        }
    ]
}