{
    "name": "Горошек и кукуруза",
    "code": "641",
    "products": [
        {
            "id": 18069,
            "name": "Консервы. Горошек зеленый из мозговых сортов. \"молодой Горошек без сахара\", 425 мл.",
            "mech": null,
            "img_link": "https://media.5ka.ru/media/products/4043589.jpg",
            "plu": 4043589,
            "promo": {
                "id": 1163314563,
                "date_begin": "2021-02-28",
                "date_end": "2021-04-07",
                "type": "",
                "description": "",
                "kind": "Z011",
                "expired_at": 12
            },
            "current_prices": {
                "price_reg__min": 99.99,
                "price_promo__min": 69.99
            },
            "store_name": null
        },
        {
            "id": 18070,
            "name": "Консервы. Кукуруза сахарная в зернах в вакуумной упаковке. \" молочная кукуруза без сахара\", 425 мл.",
            "mech": null,
            "img_link": "https://media.5ka.ru/media/products/4043590.jpg",
            "plu": 4043590,
            "promo": {
                "id": 1163314563,
                "date_begin": "2021-02-28",
                "date_end": "2021-04-07",
                "type": "",
                "description": "",
                "kind": "Z011",
                "expired_at": 12
            },
            "current_prices": {
                "price_reg__min": 99.99,
                "price_promo__min": 69.99
            },
            "store_name": null
        }
    ]
}