{
    "name": "Овощные консервы",
    "code": "642",
    "products": [
        {
            "id": 18014,
            "name": "КУХМАСТЕР Икра из кабачков 480г",
            "mech": null,
            "img_link": "https://media.5ka.ru/media/products/3681570.jpg",
            "plu": 3681570,
            "promo": {
                "id": 1163314563,
                "date_begin": "2021-02-28",
                "date_end": "2021-04-07",
                "type": "",
                "description": "",
                "kind": "Z011",
                "expired_at": 12
            },
            "current_prices": {
                "price_reg__min": 48.49,
                "price_promo__min": 44.99
            },
            "store_name": null
        },
        {
            "id": 30582,
            "name": "Консервы икра из кабачков 520г",
            "mech": null,
            "img_link": "https://media.5ka.ru/media/products/3903538.jpg",
            "plu": 3903538,
            "promo": {
                "id": 1170494144,
                "date_begin": "2021-03-23",
                "date_end": "2021-03-29",
                "type": "",
                "description": "",
                "kind": "Z001",
                "expired_at": 3
            },
            "current_prices": {
                "price_reg__min": 59.99,
                "price_promo__min": 54.99
            },
            "store_name": null
        },
        {
            "id": 30581,
            "name": "Икра из бакалажанов, Global Village, 520 г",
            "mech": null,
            "img_link": "https://media.5ka.ru/media/products/3903537.jpg",
            "plu": 3903537,
            "promo": {
                "id": 1170494144,
                "date_begin": "2021-03-23",
                "date_end": "2021-03-29",
                "type": "",
                "description": "",
                "kind": "Z001",
                "expired_at": 3
            },
            "current_prices": {
                "price_reg__min": 66.75,
                "price_promo__min": 59.99
            },
            "store_name": null
        },
        {
            "id": 11880,
            "name": "СК.САМОБР.Огурчики маринов720мл",
            "mech": null,
            "img_link": "https://media.5ka.ru/media/products/2147768.jpg",
            "plu": 2147768,
            "promo": {
                "id": 1163314563,
                "date_begin": "2021-02-28",
                "date_end": "2021-04-07",
                "type": "",
                "description": "",
                "kind": "Z011",
                "expired_at": 12
            },
            "current_prices": {
                "price_reg__min": 99.99,
                "price_promo__min": 89.99
            },
            "store_name": null
        },
        {
            "id": 18082,
            "name": "Лютеница \"Пикантная\" Green Dream 260 г",
            "mech": null,
            "img_link": "https://media.5ka.ru/media/products/4059533.jpg",
            "plu": 4059533,
            "promo": {
                "id": 1163314563,
                "date_begin": "2021-02-28",
                "date_end": "2021-04-07",
                "type": "",
                "description": "",
                "kind": "Z011",
                "expired_at": 12
            },
            "current_prices": {
                "price_reg__min": 109.99,
                "price_promo__min": 89.99
            },
            "store_name": null
        },
        {
            "id": 18015,
            "name": "Икра баклажановая, Janarat, 470 г",
            "mech": null,
            "img_link": "https://media.5ka.ru/media/products/3692237.jpg",
            "plu": 3692237,
            "promo": {
                "id": 1163314563,
                "date_begin": "2021-02-28",
                "date_end": "2021-04-07",
                "type": "",
                "description": "",
                "kind": "Z011",
                "expired_at": 12
            },
            "current_prices": {
                "price_reg__min": 119.99,
                "price_promo__min": 99.99
            },
            "store_name": null
        },
        {
            "id": 18058,
            "name": "Консервы Janarat Перец-гриль с/б 340г шт",
            "mech": null,
            "img_link": "https://media.5ka.ru/media/products/4019916.jpg",
            "plu": 4019916,
            "promo": {
                "id": 1163314563,
                "date_begin": "2021-02-28",
                "date_end": "2021-04-07",
                "type": "",
                "description": "",
                "kind": "Z011",
                "expired_at": 12
            },
            "current_prices": {
                "price_reg__min": 139.99,
                "price_promo__min": 109.99
            },
            "store_name": null
        },
        {
            "id": 11975,
            "name": "СКАТ-САМОБР.Патиссончики отб.мар.720мл",
            "mech": null,
            "img_link": "https://media.5ka.ru/media/products/3605448.jpg",
            "plu": 3605448,
            "promo": {
                "id": 1163314563,
                "date_begin": "2021-02-28",
                "date_end": "2021-04-07",
                "type": "",
                "description": "",
                "kind": "Z011",
                "expired_at": 12
            },
            "current_prices": {
                "price_reg__min": 161.0,
                "price_promo__min": 149.99
            },
            "store_name": null
        }
    ]
}