{
    "name": "Маслины и оливки",
    "code": "643",
    "products": [
        {
            "id": 18050,
            "name": "Маслины без косточки, Filippo Berio, 300 г",
            "mech": null,
            "img_link": "https://media.5ka.ru/media/products/4005881.jpg",
            "plu": 4005881,
            "promo": {
                "id": 1163314563,
                "date_begin": "2021-02-28",
                "date_end": "2021-04-07",
                "type": "",
                "description": "",
                "kind": "Z011",
                "expired_at": 12
            },
            "current_prices": {
                "price_reg__min": 109.99,
                "price_promo__min": 79.99
            },
            "store_name": null
        },
        {
            "id": 18051,
            "name": "Оливки без косточки, Filippo Berio, 300 г",
            "mech": null,
            "img_link": "https://media.5ka.ru/media/products/4005882.jpg",
            "plu": 4005882,
            "promo": {
                "id": 1163314563,
                "date_begin": "2021-02-28",
                "date_end": "2021-04-07",
                "type": "",
                "description": "",
                "kind": "Z011",
                "expired_at": 12
            },
            "current_prices": {
                "price_reg__min": 109.99,
                "price_promo__min": 79.99
            },
            "store_name": null
        }
    ]
}