{
    "name": "Рыбные консервы",
    "code": "646",
    "products": [
        {
            "id": 28231,
            "name": "Шпроты в масле, с ключом, Вкусные консервы, 160 г",
            "mech": null,
            "img_link": "https://media.5ka.ru/media/products/3475329.jpg",
            "plu": 3475329,
            "promo": {
                "id": 1170469267,
                "date_begin": "2021-03-23",
                "date_end": "2021-03-29",
                "type": "",
                "description": "",
                "kind": "Z001",
                "expired_at": 3
            },
            "current_prices": {
                "price_reg__min": 89.99,
                "price_promo__min": 79.99
            },
            "store_name": null
        },
        {
            "id": 24088,
            "name": "Шпроты крупные, Вкусные Консервы, 240гр",
            "mech": null,
            "img_link": "https://media.5ka.ru/media/products/3468684.jpg",
            "plu": 3468684,
            "promo": {
                "id": 1171150647,
                "date_begin": "2021-03-23",
                "date_end": "2021-03-29",
                "type": "",
                "description": "",
                "kind": "Z001",
                "expired_at": 3
            },
            "current_prices": {
                "price_reg__min": 112.99,
                "price_promo__min": 99.99
            },
            "store_name": null
        }
    ]
}