{
    "name": "Фруктово-ягодные консервы",
    "code": "659",
    "products": [
        {
            "id": 11866,
            "name": "GREEN RAY Ананасы КОЛЬЦА   565г",
            "mech": null,
            "img_link": "https://media.5ka.ru/media/products/2070075.jpg",
            "plu": 2070075,
            "promo": {
                "id": 1163314563,
                "date_begin": "2021-02-28",
                "date_end": "2021-04-07",
                "type": "",
                "description": "",
                "kind": "Z011",
                "expired_at": 12
            },
            "current_prices": {
                "price_reg__min": 199.99,
                "price_promo__min": 129.99
            },
            "store_name": null
        }
    ]
}