{
    "name": "Варенье, джем, мед",
    "code": "660",
    "products": [
        {
            "id": 11903,
            "name": "Джем Махеевъ, клубника, 300 г",
            "mech": null,
            "img_link": "https://media.5ka.ru/media/products/3369992.jpg",
            "plu": 3369992,
            "promo": {
                "id": 1163314563,
                "date_begin": "2021-02-28",
                "date_end": "2021-04-07",
                "type": "",
                "description": "",
                "kind": "Z011",
                "expired_at": 12
            },
            "current_prices": {
                "price_reg__min": 78.0,
                "price_promo__min": 69.99
            },
            "store_name": null
        },
        {
            "id": 18001,
            "name": "МАХЕЕВЪ Джем ЛЕСН.ЯГОДЫ д/п с доз.300г",
            "mech": null,
            "img_link": "https://media.5ka.ru/media/products/3658466.jpg",
            "plu": 3658466,
            "promo": {
                "id": 1163314563,
                "date_begin": "2021-02-28",
                "date_end": "2021-04-07",
                "type": "",
                "description": "",
                "kind": "Z011",
                "expired_at": 12
            },
            "current_prices": {
                "price_reg__min": 89.99,
                "price_promo__min": 69.99
            },
            "store_name": null
        },
        {
            "id": 18000,
            "name": "ДЖем Махеевъ, апельсин, 400 г",
            "mech": null,
            "img_link": "https://media.5ka.ru/media/products/3658465.jpg",
            "plu": 3658465,
            "promo": {
                "id": 1163314563,
                "date_begin": "2021-02-28",
                "date_end": "2021-04-07",
                "type": "",
                "description": "",
                "kind": "Z011",
                "expired_at": 12
            },
            "current_prices": {
                "price_reg__min": 149.99,
                "price_promo__min": 129.99
            },
            "store_name": null
        },
        {
            "id": 18021,
            "name": "Джем нестерилизованный \"Персик и Манго\", 400 г",
            "mech": null,
            "img_link": "https://media.5ka.ru/media/products/3910897.jpg",
            "plu": 3910897,
            "promo": {
                "id": 1163314563,
                "date_begin": "2021-02-28",
                "date_end": "2021-04-07",
                "type": "",
                "description": "",
                "kind": "Z011",
                "expired_at": 12
            },
            "current_prices": {
                "price_reg__min": 149.99,
                "price_promo__min": 129.99
            },
            "store_name": null
        },
        {
            "id": 18071,
            "name": "Крем-мёд натуральный цветочный с наполнителями фасованный: Крем-мёд с малиной 250г",
            "mech": null,
            "img_link": "https://media.5ka.ru/media/products/4043784.jpg",
            "plu": 4043784,
            "promo": {
                "id": 1163314563,
                "date_begin": "2021-02-28",
                "date_end": "2021-04-07",
                "type": "",
                "description": "",
                "kind": "Z011",
                "expired_at": 12
            },
            "current_prices": {
                "price_reg__min": 169.99,
                "price_promo__min": 164.99
            },
            "store_name": null
        },
        {
            "id": 18072,
            "name": "Крем-мёд натуральный цветочный с наполнителями фасованный: Крем-мёд с лимоном и имбирём 250г",
            "mech": null,
            "img_link": "https://media.5ka.ru/media/products/4043785.jpg",
            "plu": 4043785,
            "promo": {
                "id": 1163314563,
                "date_begin": "2021-02-28",
                "date_end": "2021-04-07",
                "type": "",
                "description": "",
                "kind": "Z011",
                "expired_at": 12
            },
            "current_prices": {
                "price_reg__min": 169.99,
                "price_promo__min": 164.99
            },
            "store_name": null
        }
    ]
}