{
    "name": "Средства для душа",
    "code": "664",
    "products": [
        {
            "id": 22900,
            "name": "Гель для душа Fa, охлаждение экстрим, 250 мл",
            "mech": null,
            "img_link": "https://media.5ka.ru/media/products/3241074.jpg",
            "plu": 3241074,
            "promo": {
                "id": 1163332313,
                "date_begin": "2021-02-28",
                "date_end": "2021-04-06",
                "type": "",
                "description": "",
                "kind": "Z011",
                "expired_at": 11
            },
            "current_prices": {
                "price_reg__min": 99.3,
                "price_promo__min": 94.99
            },
            "store_name": null
        },
        {
            "id": 23012,
            "name": "FA Гель FUN ар.ананас/цв.франж.д/д 250мл",
            "mech": null,
            "img_link": "https://media.5ka.ru/media/products/3655723.jpg",
            "plu": 3655723,
            "promo": {
                "id": 1163332313,
                "date_begin": "2021-02-28",
                "date_end": "2021-04-06",
                "type": "",
                "description": "",
                "kind": "Z011",
                "expired_at": 11
            },
            "current_prices": {
                "price_reg__min": 123.99,
                "price_promo__min": 94.99
            },
            "store_name": null
        },
        {
            "id": 23111,
            "name": "Гель-крем для душа Palmolive Натурэль \"Витамин С и Апельсин\" 750мл",
            "mech": null,
            "img_link": "https://media.5ka.ru/media/products/4024923.jpg",
            "plu": 4024923,
            "promo": {
                "id": 1163332313,
                "date_begin": "2021-02-28",
                "date_end": "2021-04-06",
                "type": "",
                "description": "",
                "kind": "Z011",
                "expired_at": 11
            },
            "current_prices": {
                "price_reg__min": 310.99,
                "price_promo__min": 199.99
            },
            "store_name": null
        }
    ]
}