{
    "name": "Бумажные полотенца и салфетки",
    "code": "665",
    "products": [
        {
            "id": 30530,
            "name": "Салфетки влажные Tolli Plus, универсальные, 60 шт.",
            "mech": null,
            "img_link": "https://media.5ka.ru/media/products/3632651.jpg",
            "plu": 3632651,
            "promo": {
                "id": 1170494144,
                "date_begin": "2021-03-23",
                "date_end": "2021-03-29",
                "type": "",
                "description": "",
                "kind": "Z001",
                "expired_at": 3
            },
            "current_prices": {
                "price_reg__min": 64.9,
                "price_promo__min": 59.99
            },
            "store_name": null
        },
        {
            "id": 22939,
            "name": "PAPIA Полотенца бумажные 3сл.2рул",
            "mech": null,
            "img_link": "https://media.5ka.ru/media/products/3449212.jpg",
            "plu": 3449212,
            "promo": {
                "id": 1163332313,
                "date_begin": "2021-02-28",
                "date_end": "2021-04-06",
                "type": "",
                "description": "",
                "kind": "Z011",
                "expired_at": 11
            },
            "current_prices": {
                "price_reg__min": 75.99,
                "price_promo__min": 69.99
            },
            "store_name": null
        }
    ]
}