{
    "name": "Туалетная бумага",
    "code": "666",
    "products": [
        {
            "id": 22951,
            "name": "ZEWA Бумага PURE туал.влаж.",
            "mech": null,
            "img_link": "https://media.5ka.ru/media/products/3473455.jpg",
            "plu": 3473455,
            "promo": {
                "id": 1163332313,
                "date_begin": "2021-02-28",
                "date_end": "2021-04-06",
                "type": "",
                "description": "",
                "kind": "Z011",
                "expired_at": 11
            },
            "current_prices": {
                "price_reg__min": 109.0,
                "price_promo__min": 94.99
            },
            "store_name": null
        },
        {
            "id": 22952,
            "name": "ZEWA Бумага NATURAL CAMOMILE туал.влаж.",
            "mech": null,
            "img_link": "https://media.5ka.ru/media/products/3473456.jpg",
            "plu": 3473456,
            "promo": {
                "id": 1163332313,
                "date_begin": "2021-02-28",
                "date_end": "2021-04-06",
                "type": "",
                "description": "",
                "kind": "Z011",
                "expired_at": 11
            },
            "current_prices": {
                "price_reg__min": 109.0,
                "price_promo__min": 94.99
            },
            "store_name": null
        },
        {
            "id": 30471,
            "name": "PAPIA Бумага туалетная белая 3сл.8рул",
            "mech": null,
            "img_link": "https://media.5ka.ru/media/products/3449118.jpg",
            "plu": 3449118,
            "promo": {
                "id": 1170494144,
                "date_begin": "2021-03-23",
                "date_end": "2021-03-29",
                "type": "",
                "description": "",
                "kind": "Z001",
                "expired_at": 3
            },
            "current_prices": {
                "price_reg__min": 172.0,
                "price_promo__min": 139.99
            },
            "store_name": null
        },
        {
            "id": 23028,
            "name": "PAP.Бумага WHITE DE LUXE туалет.8рул",
            "mech": null,
            "img_link": "https://media.5ka.ru/media/products/3679801.jpg",
            "plu": 3679801,
            "promo": {
                "id": 1163332313,
                "date_begin": "2021-02-28",
                "date_end": "2021-04-06",
                "type": "",
                "description": "",
                "kind": "Z011",
                "expired_at": 11
            },
            "current_prices": {
                "price_reg__min": 239.99,
                "price_promo__min": 169.99
            },
            "store_name": null
        }
    ]
}