{
    "name": "Средства для волос",
    "code": "668",
    "products": [
        {
            "id": 22983,
            "name": "SCHAUMA Шампунь 400мл Энергия Природы Драгоценный Медовый Эликсир",
            "mech": null,
            "img_link": "https://media.5ka.ru/media/products/3624617.jpg",
            "plu": 3624617,
            "promo": {
                "id": 1163332313,
                "date_begin": "2021-02-28",
                "date_end": "2021-04-06",
                "type": "",
                "description": "",
                "kind": "Z011",
                "expired_at": 11
            },
            "current_prices": {
                "price_reg__min": 142.0,
                "price_promo__min": 99.99
            },
            "store_name": null
        },
        {
            "id": 22984,
            "name": "SCHAUMA Шампунь 400 мл Энергия Природы Свежая Крапива и Зеленое яблоко",
            "mech": null,
            "img_link": "https://media.5ka.ru/media/products/3624618.jpg",
            "plu": 3624618,
            "promo": {
                "id": 1163332313,
                "date_begin": "2021-02-28",
                "date_end": "2021-04-06",
                "type": "",
                "description": "",
                "kind": "Z011",
                "expired_at": 11
            },
            "current_prices": {
                "price_reg__min": 135.89,
                "price_promo__min": 99.99
            },
            "store_name": null
        },
        {
            "id": 22994,
            "name": "DOVE Шампунь H.THER.КОНТР.Н/ПОД.ВОЛ380мл",
            "mech": null,
            "img_link": "https://media.5ka.ru/media/products/3632672.jpg",
            "plu": 3632672,
            "promo": {
                "id": 1163332313,
                "date_begin": "2021-02-28",
                "date_end": "2021-04-06",
                "type": "",
                "description": "",
                "kind": "Z011",
                "expired_at": 11
            },
            "current_prices": {
                "price_reg__min": 229.0,
                "price_promo__min": 169.99
            },
            "store_name": null
        },
        {
            "id": 22995,
            "name": "DOVE Шампунь H.THER.ИНТЕН.ВОССТАН.380мл",
            "mech": null,
            "img_link": "https://media.5ka.ru/media/products/3632673.jpg",
            "plu": 3632673,
            "promo": {
                "id": 1163332313,
                "date_begin": "2021-02-28",
                "date_end": "2021-04-06",
                "type": "",
                "description": "",
                "kind": "Z011",
                "expired_at": 11
            },
            "current_prices": {
                "price_reg__min": 229.0,
                "price_promo__min": 169.99
            },
            "store_name": null
        },
        {
            "id": 30479,
            "name": "Шампунь L’Oréal Paris Elseve, Полное Восстановление 5; Роскошь 6 Масел, 400 мл",
            "mech": null,
            "img_link": "https://media.5ka.ru/media/products/3456559.jpg",
            "plu": 3456559,
            "promo": {
                "id": 1170494144,
                "date_begin": "2021-03-23",
                "date_end": "2021-03-29",
                "type": "",
                "description": "",
                "kind": "Z001",
                "expired_at": 3
            },
            "current_prices": {
                "price_reg__min": 219.0,
                "price_promo__min": 179.99
            },
            "store_name": null
        },
        {
            "id": 30495,
            "name": "LOR.PARIS Бальз.РОСК.6 МАС.ELS.д/в 400мл",
            "mech": null,
            "img_link": "https://media.5ka.ru/media/products/3489195.jpg",
            "plu": 3489195,
            "promo": {
                "id": 1170494144,
                "date_begin": "2021-03-23",
                "date_end": "2021-03-29",
                "type": "",
                "description": "",
                "kind": "Z001",
                "expired_at": 3
            },
            "current_prices": {
                "price_reg__min": 249.99,
                "price_promo__min": 179.99
            },
            "store_name": null
        },
        {
            "id": 30512,
            "name": "LOR.PARIS Шамп-уход ЭКСП.ЦВЕТ.ELS.400мл",
            "mech": null,
            "img_link": "https://media.5ka.ru/media/products/3506089.jpg",
            "plu": 3506089,
            "promo": {
                "id": 1170494144,
                "date_begin": "2021-03-23",
                "date_end": "2021-03-29",
                "type": "",
                "description": "",
                "kind": "Z001",
                "expired_at": 3
            },
            "current_prices": {
                "price_reg__min": 238.99,
                "price_promo__min": 179.99
            },
            "store_name": null
        },
        {
            "id": 30594,
            "name": "LOREAL PARIS ELSEVE Длина Мечты Бальзам \"Супербальзам Легкое Расчесывание\" 400 мл",
            "mech": null,
            "img_link": "https://media.5ka.ru/media/products/3950553.jpg",
            "plu": 3950553,
            "promo": {
                "id": 1170494144,
                "date_begin": "2021-03-23",
                "date_end": "2021-03-29",
                "type": "",
                "description": "",
                "kind": "Z001",
                "expired_at": 3
            },
            "current_prices": {
                "price_reg__min": 249.99,
                "price_promo__min": 179.99
            },
            "store_name": null
        },
        {
            "id": 30595,
            "name": "LOREAL PARIS ELSEVE Длина Мечты Шампунь Преображение 400 мл",
            "mech": null,
            "img_link": "https://media.5ka.ru/media/products/3950554.jpg",
            "plu": 3950554,
            "promo": {
                "id": 1170494144,
                "date_begin": "2021-03-23",
                "date_end": "2021-03-29",
                "type": "",
                "description": "",
                "kind": "Z001",
                "expired_at": 3
            },
            "current_prices": {
                "price_reg__min": 249.99,
                "price_promo__min": 179.99
            },
            "store_name": null
        },
        {
            "id": 22928,
            "name": "CLEAR Шам.бал-опол.UL.CONT.2в1муж400мл",
            "mech": null,
            "img_link": "https://media.5ka.ru/media/products/3420658.jpg",
            "plu": 3420658,
            "promo": {
                "id": 1163332313,
                "date_begin": "2021-02-28",
                "date_end": "2021-04-06",
                "type": "",
                "description": "",
                "kind": "Z011",
                "expired_at": 11
            },
            "current_prices": {
                "price_reg__min": 249.09,
                "price_promo__min": 189.99
            },
            "store_name": null
        },
        {
            "id": 23089,
            "name": "ШАМПУНЬ - ДЕТОКС CLEAR ПРОТИВ ПЕРХОТИ ЕЖЕДНЕВНЫЙ 400МЛ",
            "mech": null,
            "img_link": "https://media.5ka.ru/media/products/3958227.jpg",
            "plu": 3958227,
            "promo": {
                "id": 1163332313,
                "date_begin": "2021-02-28",
                "date_end": "2021-04-06",
                "type": "",
                "description": "",
                "kind": "Z011",
                "expired_at": 11
            },
            "current_prices": {
                "price_reg__min": 299.99,
                "price_promo__min": 189.99
            },
            "store_name": null
        }
    ]
}