{
    "name": "Уход за кожей",
    "code": "669",
    "products": [
        {
            "id": 23021,
            "name": "BODYART Маска ЛИФТИНГ д/лиц.ткан.осн",
            "mech": null,
            "img_link": "https://media.5ka.ru/media/products/3664694.jpg",
            "plu": 3664694,
            "promo": {
                "id": 1163332313,
                "date_begin": "2021-02-28",
                "date_end": "2021-04-06",
                "type": "",
                "description": "",
                "kind": "Z011",
                "expired_at": 11
            },
            "current_prices": {
                "price_reg__min": 49.99,
                "price_promo__min": 44.99
            },
            "store_name": null
        },
        {
            "id": 23022,
            "name": "BODYART Маска УВЛАЖН.д/лиц.ткан.осн",
            "mech": null,
            "img_link": "https://media.5ka.ru/media/products/3664695.jpg",
            "plu": 3664695,
            "promo": {
                "id": 1163332313,
                "date_begin": "2021-02-28",
                "date_end": "2021-04-06",
                "type": "",
                "description": "",
                "kind": "Z011",
                "expired_at": 11
            },
            "current_prices": {
                "price_reg__min": 49.99,
                "price_promo__min": 44.99
            },
            "store_name": null
        },
        {
            "id": 23013,
            "name": "NIVEA Крем УВЛ/МЯГК.д/рук 75мл",
            "mech": null,
            "img_link": "https://media.5ka.ru/media/products/3657595.jpg",
            "plu": 3657595,
            "promo": {
                "id": 1163332313,
                "date_begin": "2021-02-28",
                "date_end": "2021-04-06",
                "type": "",
                "description": "",
                "kind": "Z011",
                "expired_at": 11
            },
            "current_prices": {
                "price_reg__min": 73.99,
                "price_promo__min": 54.99
            },
            "store_name": null
        },
        {
            "id": 22904,
            "name": "NIVEA Сред.ДВОЙНОЙ ЭФФ.д/уд.мак.гл.125мл",
            "mech": null,
            "img_link": "https://media.5ka.ru/media/products/3328055.jpg",
            "plu": 3328055,
            "promo": {
                "id": 1163332313,
                "date_begin": "2021-02-28",
                "date_end": "2021-04-06",
                "type": "",
                "description": "",
                "kind": "Z011",
                "expired_at": 11
            },
            "current_prices": {
                "price_reg__min": 137.45,
                "price_promo__min": 129.99
            },
            "store_name": null
        },
        {
            "id": 22961,
            "name": "NIVEA Крем CARE увл.д/л 100мл",
            "mech": null,
            "img_link": "https://media.5ka.ru/media/products/3491232.jpg",
            "plu": 3491232,
            "promo": {
                "id": 1163332313,
                "date_begin": "2021-02-28",
                "date_end": "2021-04-06",
                "type": "",
                "description": "",
                "kind": "Z011",
                "expired_at": 11
            },
            "current_prices": {
                "price_reg__min": 169.0,
                "price_promo__min": 149.99
            },
            "store_name": null
        },
        {
            "id": 23040,
            "name": "NIVEA Вода миц.MIC.ДЫХ.КОЖИ с/ч 400мл",
            "mech": null,
            "img_link": "https://media.5ka.ru/media/products/3686874.jpg",
            "plu": 3686874,
            "promo": {
                "id": 1163332313,
                "date_begin": "2021-02-28",
                "date_end": "2021-04-06",
                "type": "",
                "description": "",
                "kind": "Z011",
                "expired_at": 11
            },
            "current_prices": {
                "price_reg__min": 249.99,
                "price_promo__min": 169.99
            },
            "store_name": null
        }
    ]
}