{
    "name": "Другие косметические средства",
    "code": "670",
    "products": [
        {
            "id": 22942,
            "name": "EVO Крем для ног с мочевиной 50мл",
            "mech": null,
            "img_link": "https://media.5ka.ru/media/products/3455002.jpg",
            "plu": 3455002,
            "promo": {
                "id": 1163332313,
                "date_begin": "2021-02-28",
                "date_end": "2021-04-06",
                "type": "",
                "description": "",
                "kind": "Z011",
                "expired_at": 11
            },
            "current_prices": {
                "price_reg__min": 90.99,
                "price_promo__min": 79.99
            },
            "store_name": null
        }
    ]
}