{
    "name": "Дезодоранты",
    "code": "671",
    "products": [
        {
            "id": 23065,
            "name": "OLD SPICE Твердый дезодорант Captain 50мл",
            "mech": null,
            "img_link": "https://media.5ka.ru/media/products/3909980.jpg",
            "plu": 3909980,
            "promo": {
                "id": 1163332313,
                "date_begin": "2021-02-28",
                "date_end": "2021-04-06",
                "type": "",
                "description": "",
                "kind": "Z011",
                "expired_at": 11
            },
            "current_prices": {
                "price_reg__min": 219.99,
                "price_promo__min": 199.99
            },
            "store_name": null
        }
    ]
}