{
    "name": "Гигиена рта",
    "code": "676",
    "products": [
        {
            "id": 30539,
            "name": "Зубная паста Blend A Med, бережная мята, 100 мл",
            "mech": null,
            "img_link": "https://media.5ka.ru/media/products/3642796.jpg",
            "plu": 3642796,
            "promo": {
                "id": 1170494144,
                "date_begin": "2021-03-23",
                "date_end": "2021-03-29",
                "type": "",
                "description": "",
                "kind": "Z001",
                "expired_at": 3
            },
            "current_prices": {
                "price_reg__min": 113.99,
                "price_promo__min": 79.99
            },
            "store_name": null
        },
        {
            "id": 30614,
            "name": "BLEND-A-MED Зубная паста 3DW Отбеливание и глубокая чистка Древесным углем 100мл",
            "mech": null,
            "img_link": "https://media.5ka.ru/media/products/4009101.jpg",
            "plu": 4009101,
            "promo": {
                "id": 1170494144,
                "date_begin": "2021-03-23",
                "date_end": "2021-03-29",
                "type": "",
                "description": "",
                "kind": "Z001",
                "expired_at": 3
            },
            "current_prices": {
                "price_reg__min": 117.99,
                "price_promo__min": 79.99
            },
            "store_name": null
        },
        {
            "id": 22921,
            "name": "Ополаскиватель для полости рта Colgate Plax, алтайские травы, 500 мл",
            "mech": null,
            "img_link": "https://media.5ka.ru/media/products/3408462.jpg",
            "plu": 3408462,
            "promo": {
                "id": 1163332313,
                "date_begin": "2021-02-28",
                "date_end": "2021-04-06",
                "type": "",
                "description": "",
                "kind": "Z011",
                "expired_at": 11
            },
            "current_prices": {
                "price_reg__min": 169.99,
                "price_promo__min": 119.99
            },
            "store_name": null
        },
        {
            "id": 22892,
            "name": "ROCS З/паста КОФЕ И ТАБАК 74г",
            "mech": null,
            "img_link": "https://media.5ka.ru/media/products/3152415.jpg",
            "plu": 3152415,
            "promo": {
                "id": 1163332313,
                "date_begin": "2021-02-28",
                "date_end": "2021-04-06",
                "type": "",
                "description": "",
                "kind": "Z011",
                "expired_at": 11
            },
            "current_prices": {
                "price_reg__min": 239.0,
                "price_promo__min": 219.99
            },
            "store_name": null
        },
        {
            "id": 22958,
            "name": "ROCS З/паста АКТИВНЫЙ КАЛЬЦИЙ 94г",
            "mech": null,
            "img_link": "https://media.5ka.ru/media/products/3482562.jpg",
            "plu": 3482562,
            "promo": {
                "id": 1163332313,
                "date_begin": "2021-02-28",
                "date_end": "2021-04-06",
                "type": "",
                "description": "",
                "kind": "Z011",
                "expired_at": 11
            },
            "current_prices": {
                "price_reg__min": 239.0,
                "price_promo__min": 219.99
            },
            "store_name": null
        }
    ]
}