{
    "name": "Прокладки и тампоны",
    "code": "677",
    "products": [
        {
            "id": 30420,
            "name": "Прокладки Kotex , ультра драй, 16 шт.",
            "mech": null,
            "img_link": "https://media.5ka.ru/media/products/3364392.jpg",
            "plu": 3364392,
            "promo": {
                "id": 1170494144,
                "date_begin": "2021-03-23",
                "date_end": "2021-03-29",
                "type": "",
                "description": "",
                "kind": "Z001",
                "expired_at": 3
            },
            "current_prices": {
                "price_reg__min": 161.99,
                "price_promo__min": 119.99
            },
            "store_name": null
        },
        {
            "id": 22908,
            "name": "O.B.Тампоны Procomfort супер плюс 16шт",
            "mech": null,
            "img_link": "https://media.5ka.ru/media/products/3367588.jpg",
            "plu": 3367588,
            "promo": {
                "id": 1163332313,
                "date_begin": "2021-02-28",
                "date_end": "2021-04-06",
                "type": "",
                "description": "",
                "kind": "Z011",
                "expired_at": 11
            },
            "current_prices": {
                "price_reg__min": 159.0,
                "price_promo__min": 139.99
            },
            "store_name": null
        },
        {
            "id": 22960,
            "name": "LIBRESSE Прокладки УЛЬТРА СУПЕР гиг.16шт",
            "mech": null,
            "img_link": "https://media.5ka.ru/media/products/3488297.jpg",
            "plu": 3488297,
            "promo": {
                "id": 1163332313,
                "date_begin": "2021-02-28",
                "date_end": "2021-04-06",
                "type": "",
                "description": "",
                "kind": "Z011",
                "expired_at": 11
            },
            "current_prices": {
                "price_reg__min": 169.0,
                "price_promo__min": 139.99
            },
            "store_name": null
        }
    ]
}