{
    "name": "Сыр",
    "code": "699",
    "products": [
        {
            "id": 28212,
            "name": "Сыр плавленый Виола Сливочный 130г мдж в с.в.45%",
            "mech": null,
            "img_link": "https://media.5ka.ru/media/products/3908610.jpg",
            "plu": 3908610,
            "promo": {
                "id": 1170469265,
                "date_begin": "2021-03-23",
                "date_end": "2021-03-29",
                "type": "",
                "description": "",
                "kind": "Z001",
                "expired_at": 3
            },
            "current_prices": {
                "price_reg__min": 81.19,
                "price_promo__min": 69.99
            },
            "store_name": null
        },
        {
            "id": 28574,
            "name": "Сыр плавленый \"Виола\" ассорти \"Финское избранное\": \"Сливочный\", с колбасой \"Салями\", с грибами-лисичками, с лососем мдж 45% 130г",
            "mech": null,
            "img_link": "https://media.5ka.ru/media/products/3908611.jpg",
            "plu": 3908611,
            "promo": {
                "id": 1170481579,
                "date_begin": "2021-03-23",
                "date_end": "2021-03-29",
                "type": "",
                "description": "",
                "kind": "Z001",
                "expired_at": 3
            },
            "current_prices": {
                "price_reg__min": 81.19,
                "price_promo__min": 69.99
            },
            "store_name": null
        },
        {
            "id": 28494,
            "name": "HOCHL.Сыр пл.-тост С ВЕТ.ломт.45%150г",
            "mech": null,
            "img_link": "https://media.5ka.ru/media/products/24145.jpg",
            "plu": 24145,
            "promo": {
                "id": 1170481579,
                "date_begin": "2021-03-23",
                "date_end": "2021-03-29",
                "type": "",
                "description": "",
                "kind": "Z001",
                "expired_at": 3
            },
            "current_prices": {
                "price_reg__min": 76.3,
                "price_promo__min": 74.99
            },
            "store_name": null
        },
        {
            "id": 28575,
            "name": "Сыр творожный \"Савушкин\" с прованскими травами м.д.ж.60 %, нарезка, 150г",
            "mech": null,
            "img_link": "https://media.5ka.ru/media/products/3915832.jpg",
            "plu": 3915832,
            "promo": {
                "id": 1170481579,
                "date_begin": "2021-03-23",
                "date_end": "2021-03-29",
                "type": "",
                "description": "",
                "kind": "Z001",
                "expired_at": 3
            },
            "current_prices": {
                "price_reg__min": 94.99,
                "price_promo__min": 79.99
            },
            "store_name": null
        },
        {
            "id": 28524,
            "name": "Сыр Сливочный Тысяча Озёр, 50%, 125 г",
            "mech": null,
            "img_link": "https://media.5ka.ru/media/products/3435839.jpg",
            "plu": 3435839,
            "promo": {
                "id": 1170481579,
                "date_begin": "2021-03-23",
                "date_end": "2021-03-29",
                "type": "",
                "description": "",
                "kind": "Z001",
                "expired_at": 3
            },
            "current_prices": {
                "price_reg__min": 99.05,
                "price_promo__min": 92.99
            },
            "store_name": null
        },
        {
            "id": 7784,
            "name": "СЫР ПЛАВЛЕНЫЙ «CRÈME DE BRIE» мдж 50% 125г",
            "mech": null,
            "img_link": "https://media.5ka.ru/media/products/3943414.jpg",
            "plu": 3943414,
            "promo": {
                "id": 1163236940,
                "date_begin": "2021-02-28",
                "date_end": "2021-04-03",
                "type": "",
                "description": "",
                "kind": "Z011",
                "expired_at": 8
            },
            "current_prices": {
                "price_reg__min": 134.99,
                "price_promo__min": 117.99
            },
            "store_name": null
        },
        {
            "id": 28561,
            "name": "Сыр Легкий, Landers, 30%, 230 г",
            "mech": null,
            "img_link": "https://media.5ka.ru/media/products/3665147.jpg",
            "plu": 3665147,
            "promo": {
                "id": 1170481579,
                "date_begin": "2021-03-23",
                "date_end": "2021-03-29",
                "type": "",
                "description": "",
                "kind": "Z001",
                "expired_at": 3
            },
            "current_prices": {
                "price_reg__min": 124.0,
                "price_promo__min": 119.99
            },
            "store_name": null
        },
        {
            "id": 28591,
            "name": "Сыр \"БЕЛЕБЕЕВСКИЙ\" Белебеевский 45%, 190гр",
            "mech": null,
            "img_link": "https://media.5ka.ru/media/products/4087692.jpg",
            "plu": 4087692,
            "promo": {
                "id": 1170481579,
                "date_begin": "2021-03-23",
                "date_end": "2021-03-29",
                "type": "",
                "description": "",
                "kind": "Z001",
                "expired_at": 3
            },
            "current_prices": {
                "price_reg__min": 177.99,
                "price_promo__min": 134.99
            },
            "store_name": null
        },
        {
            "id": 28556,
            "name": "Сыр Чеддер, La Paulina, 200 г",
            "mech": null,
            "img_link": "https://media.5ka.ru/media/products/3658573.jpg",
            "plu": 3658573,
            "promo": {
                "id": 1170481579,
                "date_begin": "2021-03-23",
                "date_end": "2021-03-29",
                "type": "",
                "description": "",
                "kind": "Z001",
                "expired_at": 3
            },
            "current_prices": {
                "price_reg__min": 175.0,
                "price_promo__min": 149.99
            },
            "store_name": null
        },
        {
            "id": 7828,
            "name": "БЗМЖ Сыр Калачеевский 200г 45% флоупак",
            "mech": null,
            "img_link": "https://media.5ka.ru/media/products/4045672.jpg",
            "plu": 4045672,
            "promo": {
                "id": 1163236940,
                "date_begin": "2021-02-28",
                "date_end": "2021-04-03",
                "type": "",
                "description": "",
                "kind": "Z011",
                "expired_at": 8
            },
            "current_prices": {
                "price_reg__min": 170.99,
                "price_promo__min": 154.99
            },
            "store_name": null
        },
        {
            "id": 28566,
            "name": "Сыр Легкий, Брест Литовск, 200 г",
            "mech": null,
            "img_link": "https://media.5ka.ru/media/products/3670271.jpg",
            "plu": 3670271,
            "promo": {
                "id": 1170481579,
                "date_begin": "2021-03-23",
                "date_end": "2021-03-29",
                "type": "",
                "description": "",
                "kind": "Z001",
                "expired_at": 3
            },
            "current_prices": {
                "price_reg__min": 184.99,
                "price_promo__min": 154.99
            },
            "store_name": null
        },
        {
            "id": 7794,
            "name": "БЗМЖ Сыр полутвердый \"Моцарелла Пицца\" с м. д.ж. 40%, 250г, шт",
            "mech": null,
            "img_link": "https://media.5ka.ru/media/products/3976999.jpg",
            "plu": 3976999,
            "promo": {
                "id": 1163236940,
                "date_begin": "2021-02-28",
                "date_end": "2021-04-03",
                "type": "",
                "description": "",
                "kind": "Z011",
                "expired_at": 8
            },
            "current_prices": {
                "price_reg__min": 202.99,
                "price_promo__min": 159.99
            },
            "store_name": null
        },
        {
            "id": 28537,
            "name": "Сыр Легкий, Тысяча озер, 240 г",
            "mech": null,
            "img_link": "https://media.5ka.ru/media/products/3499152.jpg",
            "plu": 3499152,
            "promo": {
                "id": 1170481579,
                "date_begin": "2021-03-23",
                "date_end": "2021-03-29",
                "type": "",
                "description": "",
                "kind": "Z001",
                "expired_at": 3
            },
            "current_prices": {
                "price_reg__min": 189.0,
                "price_promo__min": 159.99
            },
            "store_name": null
        },
        {
            "id": 7732,
            "name": "Сыр Arla Natura \"Сливочный Легкий\" мдж 30% 400 гр",
            "mech": null,
            "img_link": "https://media.5ka.ru/media/products/3619760.jpg",
            "plu": 3619760,
            "promo": {
                "id": 1163236940,
                "date_begin": "2021-02-28",
                "date_end": "2021-04-03",
                "type": "",
                "description": "",
                "kind": "Z011",
                "expired_at": 8
            },
            "current_prices": {
                "price_reg__min": 349.0,
                "price_promo__min": 299.99
            },
            "store_name": null
        },
        {
            "id": 28576,
            "name": "LIEBENDORF. Сыр Гауда 45% 1кг",
            "mech": null,
            "img_link": "https://media.5ka.ru/media/products/3926818.jpg",
            "plu": 3926818,
            "promo": {
                "id": 1170481579,
                "date_begin": "2021-03-23",
                "date_end": "2021-03-29",
                "type": "",
                "description": "",
                "kind": "Z001",
                "expired_at": 3
            },
            "current_prices": {
                "price_reg__min": 490.99,
                "price_promo__min": 489.99
            },
            "store_name": null
        },
        {
            "id": 7808,
            "name": "БЗМЖ Сыр твёрдый Palermo (Палермо),м.д.ж.40% фас,1, кг.",
            "mech": null,
            "img_link": "https://media.5ka.ru/media/products/4011107.jpg",
            "plu": 4011107,
            "promo": {
                "id": 1163236940,
                "date_begin": "2021-02-28",
                "date_end": "2021-04-03",
                "type": "",
                "description": "",
                "kind": "Z011",
                "expired_at": 8
            },
            "current_prices": {
                "price_reg__min": 1259.0,
                "price_promo__min": 969.99
            },
            "store_name": null
        }
    ]
}