{
    "name": "Молоко",
    "code": "702",
    "products": [
        {
            "id": 28545,
            "name": "БЗМЖ САРАФАН.Молоко отб.паст.дет.3,4-4% 930мл",
            "mech": null,
            "img_link": "https://media.5ka.ru/media/products/3613025.jpg",
            "plu": 3613025,
            "promo": {
                "id": 1170481579,
                "date_begin": "2021-03-23",
                "date_end": "2021-03-29",
                "type": "",
                "description": "",
                "kind": "Z001",
                "expired_at": 3
            },
            "current_prices": {
                "price_reg__min": 59.0,
                "price_promo__min": 56.99
            },
            "store_name": null
        },
        {
            "id": 7723,
            "name": "ПРОСТОКВ.Молоко топленое 3,2% 930г",
            "mech": null,
            "img_link": "https://media.5ka.ru/media/products/3605407.jpg",
            "plu": 3605407,
            "promo": {
                "id": 1163236940,
                "date_begin": "2021-02-28",
                "date_end": "2021-04-03",
                "type": "",
                "description": "",
                "kind": "Z011",
                "expired_at": 8
            },
            "current_prices": {
                "price_reg__min": 66.75,
                "price_promo__min": 59.99
            },
            "store_name": null
        },
        {
            "id": 28526,
            "name": "Молоко Домик в деревне, отборное, пастеризованное, 3,7%, 1400 мл",
            "mech": null,
            "img_link": "https://media.5ka.ru/media/products/3467788.jpg",
            "plu": 3467788,
            "promo": {
                "id": 1170481579,
                "date_begin": "2021-03-23",
                "date_end": "2021-03-29",
                "type": "",
                "description": "",
                "kind": "Z001",
                "expired_at": 3
            },
            "current_prices": {
                "price_reg__min": 89.95,
                "price_promo__min": 84.99
            },
            "store_name": null
        }
    ]
}