{
    "name": "Десерты и коктейли",
    "code": "704",
    "products": [
        {
            "id": 7783,
            "name": "Напиток сывороточный-молочный стерилиз.,обезжир,с яблочным соком, обогащенный витаминами,черника-земляника Мажитель 950гр(856 мл) 0%",
            "mech": null,
            "img_link": "https://media.5ka.ru/media/products/3933626.jpg",
            "plu": 3933626,
            "promo": {
                "id": 1163236940,
                "date_begin": "2021-02-28",
                "date_end": "2021-04-03",
                "type": "",
                "description": "",
                "kind": "Z011",
                "expired_at": 8
            },
            "current_prices": {
                "price_reg__min": 93.49,
                "price_promo__min": 77.99
            },
            "store_name": null
        }
    ]
}