{
    "name": "Йогурты",
    "code": "705",
    "products": [
        {
            "id": 7717,
            "name": "DANONE Йогурт 3,3% 110г",
            "mech": null,
            "img_link": "https://media.5ka.ru/media/products/3503857.jpg",
            "plu": 3503857,
            "promo": {
                "id": 1163236940,
                "date_begin": "2021-02-28",
                "date_end": "2021-04-03",
                "type": "",
                "description": "",
                "kind": "Z011",
                "expired_at": 8
            },
            "current_prices": {
                "price_reg__min": 19.0,
                "price_promo__min": 18.99
            },
            "store_name": null
        },
        {
            "id": 28558,
            "name": "ВЕРХОВЬЕ Биойог.об.пробиот.дет.3,5% 150г",
            "mech": null,
            "img_link": "https://media.5ka.ru/media/products/3665120.jpg",
            "plu": 3665120,
            "promo": {
                "id": 1170481579,
                "date_begin": "2021-03-23",
                "date_end": "2021-03-29",
                "type": "",
                "description": "",
                "kind": "Z001",
                "expired_at": 3
            },
            "current_prices": {
                "price_reg__min": 22.99,
                "price_promo__min": 21.99
            },
            "store_name": null
        },
        {
            "id": 28559,
            "name": "Верховье, биойогурт с клубникой для пит. детей дошк. и шк возр, обогащен. пробиот, с м д ж 2,9 % 150г\n",
            "mech": null,
            "img_link": "https://media.5ka.ru/media/products/3665121.jpg",
            "plu": 3665121,
            "promo": {
                "id": 1170481579,
                "date_begin": "2021-03-23",
                "date_end": "2021-03-29",
                "type": "",
                "description": "",
                "kind": "Z001",
                "expired_at": 3
            },
            "current_prices": {
                "price_reg__min": 29.69,
                "price_promo__min": 24.99
            },
            "store_name": null
        },
        {
            "id": 28560,
            "name": "Верховье биойогурт с с отрубями и злаками для пит. детей дошк. и шк возр., обогащен.пробиот, м.д.ж 2,9% 150г\n",
            "mech": null,
            "img_link": "https://media.5ka.ru/media/products/3665122.jpg",
            "plu": 3665122,
            "promo": {
                "id": 1170481579,
                "date_begin": "2021-03-23",
                "date_end": "2021-03-29",
                "type": "",
                "description": "",
                "kind": "Z001",
                "expired_at": 3
            },
            "current_prices": {
                "price_reg__min": 29.69,
                "price_promo__min": 24.99
            },
            "store_name": null
        },
        {
            "id": 28583,
            "name": "Биойогурт д/питания детей дошк. и шк. возраста, обогащ. пробиот. микроорган., с клюквой, брусникой и семенами льна, м.д.ж. 2,90% 150",
            "mech": null,
            "img_link": "https://media.5ka.ru/media/products/4060493.jpg",
            "plu": 4060493,
            "promo": {
                "id": 1170481579,
                "date_begin": "2021-03-23",
                "date_end": "2021-03-29",
                "type": "",
                "description": "",
                "kind": "Z001",
                "expired_at": 3
            },
            "current_prices": {
                "price_reg__min": 29.99,
                "price_promo__min": 24.99
            },
            "store_name": null
        },
        {
            "id": 28540,
            "name": "Йогурт \"Греческий\"массовой долей жира 2,0% с фруктовым наполнителем \"черника\", 140 гр.",
            "mech": null,
            "img_link": "https://media.5ka.ru/media/products/3601418.jpg",
            "plu": 3601418,
            "promo": {
                "id": 1170481579,
                "date_begin": "2021-03-23",
                "date_end": "2021-03-29",
                "type": "",
                "description": "",
                "kind": "Z001",
                "expired_at": 3
            },
            "current_prices": {
                "price_reg__min": 34.9,
                "price_promo__min": 32.99
            },
            "store_name": null
        },
        {
            "id": 28541,
            "name": "Йогурт \"Греческий\"массовой долей жира 2,0% с фруктовым наполнителем \"вишня\", 140 гр.",
            "mech": null,
            "img_link": "https://media.5ka.ru/media/products/3601419.jpg",
            "plu": 3601419,
            "promo": {
                "id": 1170481579,
                "date_begin": "2021-03-23",
                "date_end": "2021-03-29",
                "type": "",
                "description": "",
                "kind": "Z001",
                "expired_at": 3
            },
            "current_prices": {
                "price_reg__min": 34.9,
                "price_promo__min": 32.99
            },
            "store_name": null
        },
        {
            "id": 7809,
            "name": "БЗМЖ Йогурт «Valio Clean label Сен-Тропе смусси» с черникой, бананом и семенами чиа. Мдж 2,6%, 140г",
            "mech": null,
            "img_link": "https://media.5ka.ru/media/products/4012103.jpg",
            "plu": 4012103,
            "promo": {
                "id": 1163236940,
                "date_begin": "2021-02-28",
                "date_end": "2021-04-03",
                "type": "",
                "description": "",
                "kind": "Z011",
                "expired_at": 8
            },
            "current_prices": {
                "price_reg__min": 44.99,
                "price_promo__min": 35.99
            },
            "store_name": null
        },
        {
            "id": 7810,
            "name": "БЗМЖ Йогурт «Valio Clean label бразильский смусси» с киви, фейхоа и шпинатом. мдж 2,6% 140г",
            "mech": null,
            "img_link": "https://media.5ka.ru/media/products/4012104.jpg",
            "plu": 4012104,
            "promo": {
                "id": 1163236940,
                "date_begin": "2021-02-28",
                "date_end": "2021-04-03",
                "type": "",
                "description": "",
                "kind": "Z011",
                "expired_at": 8
            },
            "current_prices": {
                "price_reg__min": 44.99,
                "price_promo__min": 35.99
            },
            "store_name": null
        },
        {
            "id": 28552,
            "name": "EPICA Йогурт пит.2,9% 290г",
            "mech": null,
            "img_link": "https://media.5ka.ru/media/products/3632187.jpg",
            "plu": 3632187,
            "promo": {
                "id": 1170481579,
                "date_begin": "2021-03-23",
                "date_end": "2021-03-29",
                "type": "",
                "description": "",
                "kind": "Z001",
                "expired_at": 3
            },
            "current_prices": {
                "price_reg__min": 53.99,
                "price_promo__min": 47.99
            },
            "store_name": null
        },
        {
            "id": 28553,
            "name": "EPICA Йогурт пит.с манго 2,5% 290г",
            "mech": null,
            "img_link": "https://media.5ka.ru/media/products/3632188.jpg",
            "plu": 3632188,
            "promo": {
                "id": 1170481579,
                "date_begin": "2021-03-23",
                "date_end": "2021-03-29",
                "type": "",
                "description": "",
                "kind": "Z001",
                "expired_at": 3
            },
            "current_prices": {
                "price_reg__min": 50.99,
                "price_promo__min": 47.99
            },
            "store_name": null
        },
        {
            "id": 28554,
            "name": "EPICA Йогурт пит.с клуб/марак.2,5% 290г",
            "mech": null,
            "img_link": "https://media.5ka.ru/media/products/3632191.jpg",
            "plu": 3632191,
            "promo": {
                "id": 1170481579,
                "date_begin": "2021-03-23",
                "date_end": "2021-03-29",
                "type": "",
                "description": "",
                "kind": "Z001",
                "expired_at": 3
            },
            "current_prices": {
                "price_reg__min": 50.99,
                "price_promo__min": 47.99
            },
            "store_name": null
        },
        {
            "id": 7802,
            "name": "БЗМЖ Данон Йогурт с персиком и грушей, с массовой долей жира 2,8% 260г",
            "mech": null,
            "img_link": "https://media.5ka.ru/media/products/4001851.jpg",
            "plu": 4001851,
            "promo": {
                "id": 1163236940,
                "date_begin": "2021-02-28",
                "date_end": "2021-04-03",
                "type": "",
                "description": "",
                "kind": "Z011",
                "expired_at": 8
            },
            "current_prices": {
                "price_reg__min": 52.99,
                "price_promo__min": 48.99
            },
            "store_name": null
        },
        {
            "id": 28568,
            "name": "Йогурт Epica Crispy, карамель, 10,2%, 140 г",
            "mech": null,
            "img_link": "https://media.5ka.ru/media/products/3677341.jpg",
            "plu": 3677341,
            "promo": {
                "id": 1170481579,
                "date_begin": "2021-03-23",
                "date_end": "2021-03-29",
                "type": "",
                "description": "",
                "kind": "Z001",
                "expired_at": 3
            },
            "current_prices": {
                "price_reg__min": 59.99,
                "price_promo__min": 54.99
            },
            "store_name": null
        },
        {
            "id": 28569,
            "name": "EPICA Йогурт CRISPY с фисташ.10,5% 140г",
            "mech": null,
            "img_link": "https://media.5ka.ru/media/products/3677342.jpg",
            "plu": 3677342,
            "promo": {
                "id": 1170481579,
                "date_begin": "2021-03-23",
                "date_end": "2021-03-29",
                "type": "",
                "description": "",
                "kind": "Z001",
                "expired_at": 3
            },
            "current_prices": {
                "price_reg__min": 63.99,
                "price_promo__min": 54.99
            },
            "store_name": null
        },
        {
            "id": 28570,
            "name": "Йогурт Epica Crispy,лимон, 8,6%, 140 г",
            "mech": null,
            "img_link": "https://media.5ka.ru/media/products/3677343.jpg",
            "plu": 3677343,
            "promo": {
                "id": 1170481579,
                "date_begin": "2021-03-23",
                "date_end": "2021-03-29",
                "type": "",
                "description": "",
                "kind": "Z001",
                "expired_at": 3
            },
            "current_prices": {
                "price_reg__min": 59.99,
                "price_promo__min": 54.99
            },
            "store_name": null
        },
        {
            "id": 7801,
            "name": "БЗМЖ Коктейль кисломолочный йогуртный, фруктовый со вкусом Клубника в шоколаде \"Чудо Десерт\" 4.5% 235г Моностакан",
            "mech": null,
            "img_link": "https://media.5ka.ru/media/products/3985098.jpg",
            "plu": 3985098,
            "promo": {
                "id": 1163236940,
                "date_begin": "2021-02-28",
                "date_end": "2021-04-03",
                "type": "",
                "description": "",
                "kind": "Z011",
                "expired_at": 8
            },
            "current_prices": {
                "price_reg__min": 64.99,
                "price_promo__min": 56.99
            },
            "store_name": null
        }
    ]
}