{
    "name": "Кефир, кисломолочные продукты",
    "code": "707",
    "products": [
        {
            "id": 28523,
            "name": "АКТИМ.Прод.к/м клуб/бан.с 3лет 2,5% 100г",
            "mech": null,
            "img_link": "https://media.5ka.ru/media/products/3433170.jpg",
            "plu": 3433170,
            "promo": {
                "id": 1170481579,
                "date_begin": "2021-03-23",
                "date_end": "2021-03-29",
                "type": "",
                "description": "",
                "kind": "Z001",
                "expired_at": 3
            },
            "current_prices": {
                "price_reg__min": 21.65,
                "price_promo__min": 19.99
            },
            "store_name": null
        },
        {
            "id": 28562,
            "name": "ACTIMEL Прод.к/м ПЕРСИК.дет.об.2,5% 100г",
            "mech": null,
            "img_link": "https://media.5ka.ru/media/products/3666190.jpg",
            "plu": 3666190,
            "promo": {
                "id": 1170481579,
                "date_begin": "2021-03-23",
                "date_end": "2021-03-29",
                "type": "",
                "description": "",
                "kind": "Z001",
                "expired_at": 3
            },
            "current_prices": {
                "price_reg__min": 24.99,
                "price_promo__min": 19.99
            },
            "store_name": null
        },
        {
            "id": 28571,
            "name": "АКТИМ.Прод.к/м обог.ягод.микс 2,5% 100г",
            "mech": null,
            "img_link": "https://media.5ka.ru/media/products/3689315.jpg",
            "plu": 3689315,
            "promo": {
                "id": 1170481579,
                "date_begin": "2021-03-23",
                "date_end": "2021-03-29",
                "type": "",
                "description": "",
                "kind": "Z001",
                "expired_at": 3
            },
            "current_prices": {
                "price_reg__min": 25.99,
                "price_promo__min": 19.99
            },
            "store_name": null
        },
        {
            "id": 28584,
            "name": "Кисломолочный продукт, обогащенный с виноградом, клубникой и малиной АКТИМЕЛЬ 2,2% 95г",
            "mech": null,
            "img_link": "https://media.5ka.ru/media/products/4061909.jpg",
            "plu": 4061909,
            "promo": {
                "id": 1170481579,
                "date_begin": "2021-03-23",
                "date_end": "2021-03-29",
                "type": "",
                "description": "",
                "kind": "Z001",
                "expired_at": 3
            },
            "current_prices": {
                "price_reg__min": 28.99,
                "price_promo__min": 19.99
            },
            "store_name": null
        },
        {
            "id": 28585,
            "name": "БЗМЖ Продукт \"Актимель\" кисломол.,обог.L.Casei Imunitass и вит.B6 и D3, с виноградом, персиком и ананасом 2,2% 95г",
            "mech": null,
            "img_link": "https://media.5ka.ru/media/products/4061910.jpg",
            "plu": 4061910,
            "promo": {
                "id": 1170481579,
                "date_begin": "2021-03-23",
                "date_end": "2021-03-29",
                "type": "",
                "description": "",
                "kind": "Z001",
                "expired_at": 3
            },
            "current_prices": {
                "price_reg__min": 28.99,
                "price_promo__min": 19.99
            },
            "store_name": null
        },
        {
            "id": 7724,
            "name": "Варенец термостатный 4% 350 гр",
            "mech": null,
            "img_link": "https://media.5ka.ru/media/products/3610732.jpg",
            "plu": 3610732,
            "promo": {
                "id": 1163236940,
                "date_begin": "2021-02-28",
                "date_end": "2021-04-03",
                "type": "",
                "description": "",
                "kind": "Z011",
                "expired_at": 8
            },
            "current_prices": {
                "price_reg__min": 47.19,
                "price_promo__min": 44.99
            },
            "store_name": null
        },
        {
            "id": 7735,
            "name": "КОР.ИЗ КОРЕН.Просток.термост.2,5% 350г",
            "mech": null,
            "img_link": "https://media.5ka.ru/media/products/3629417.jpg",
            "plu": 3629417,
            "promo": {
                "id": 1163236940,
                "date_begin": "2021-02-28",
                "date_end": "2021-04-03",
                "type": "",
                "description": "",
                "kind": "Z011",
                "expired_at": 8
            },
            "current_prices": {
                "price_reg__min": 46.49,
                "price_promo__min": 44.99
            },
            "store_name": null
        }
    ]
}