{
    "name": "Сметана",
    "code": "709",
    "products": [
        {
            "id": 28557,
            "name": "Сметана Домик в деревне, 20%, 300 г",
            "mech": null,
            "img_link": "https://media.5ka.ru/media/products/3664287.jpg",
            "plu": 3664287,
            "promo": {
                "id": 1170481579,
                "date_begin": "2021-03-23",
                "date_end": "2021-03-29",
                "type": "",
                "description": "",
                "kind": "Z001",
                "expired_at": 3
            },
            "current_prices": {
                "price_reg__min": 71.99,
                "price_promo__min": 64.99
            },
            "store_name": null
        }
    ]
}