{
    "name": "Глазированные сырки",
    "code": "710",
    "products": [
        {
            "id": 7745,
            "name": "Б.Ю.АЛЕКС.Нуга гл.в мол.шок.31% 40г",
            "mech": null,
            "img_link": "https://media.5ka.ru/media/products/3646108.jpg",
            "plu": 3646108,
            "promo": {
                "id": 1163236940,
                "date_begin": "2021-02-28",
                "date_end": "2021-04-03",
                "type": "",
                "description": "",
                "kind": "Z011",
                "expired_at": 8
            },
            "current_prices": {
                "price_reg__min": 40.99,
                "price_promo__min": 36.99
            },
            "store_name": null
        },
        {
            "id": 7749,
            "name": "Б.Ю.АЛЕКС.Десерт ЧИЗКЕЙК твор.ван15% 40г",
            "mech": null,
            "img_link": "https://media.5ka.ru/media/products/3656310.jpg",
            "plu": 3656310,
            "promo": {
                "id": 1163236940,
                "date_begin": "2021-02-28",
                "date_end": "2021-04-03",
                "type": "",
                "description": "",
                "kind": "Z011",
                "expired_at": 8
            },
            "current_prices": {
                "price_reg__min": 38.99,
                "price_promo__min": 36.99
            },
            "store_name": null
        },
        {
            "id": 7807,
            "name": "Бисквит шоколадный \"Брауни\" с грецким орехом и карамелью \"Б.Ю. Александров\" 40 г",
            "mech": null,
            "img_link": "https://media.5ka.ru/media/products/4004067.jpg",
            "plu": 4004067,
            "promo": {
                "id": 1163236940,
                "date_begin": "2021-02-28",
                "date_end": "2021-04-03",
                "type": "",
                "description": "",
                "kind": "Z011",
                "expired_at": 8
            },
            "current_prices": {
                "price_reg__min": 43.49,
                "price_promo__min": 39.99
            },
            "store_name": null
        },
        {
            "id": 7811,
            "name": "БЗМЖ Сырок твор.глаз. в молоч.шокол. с орехами фисташки Б.Ю.Александров 26% 50г (6)",
            "mech": null,
            "img_link": "https://media.5ka.ru/media/products/4015226.jpg",
            "plu": 4015226,
            "promo": {
                "id": 1163236940,
                "date_begin": "2021-02-28",
                "date_end": "2021-04-03",
                "type": "",
                "description": "",
                "kind": "Z011",
                "expired_at": 8
            },
            "current_prices": {
                "price_reg__min": 69.99,
                "price_promo__min": 56.99
            },
            "store_name": null
        }
    ]
}