{
    "name": "Творог",
    "code": "711",
    "products": [
        {
            "id": 28543,
            "name": "Творог Карат, домашний, зерненый, 4%, 350 г",
            "mech": null,
            "img_link": "https://media.5ka.ru/media/products/3603638.jpg",
            "plu": 3603638,
            "promo": {
                "id": 1170481579,
                "date_begin": "2021-03-23",
                "date_end": "2021-03-29",
                "type": "",
                "description": "",
                "kind": "Z001",
                "expired_at": 3
            },
            "current_prices": {
                "price_reg__min": 93.09,
                "price_promo__min": 79.99
            },
            "store_name": null
        },
        {
            "id": 7731,
            "name": "СЕЛО ЗЕЛ.Творог 5% 500г",
            "mech": null,
            "img_link": "https://media.5ka.ru/media/products/3617778.jpg",
            "plu": 3617778,
            "promo": {
                "id": 1163236940,
                "date_begin": "2021-02-28",
                "date_end": "2021-04-03",
                "type": "",
                "description": "",
                "kind": "Z011",
                "expired_at": 8
            },
            "current_prices": {
                "price_reg__min": 179.99,
                "price_promo__min": 174.99
            },
            "store_name": null
        }
    ]
}