{
    "name": "Сливочное масло и маргарин",
    "code": "714",
    "products": [
        {
            "id": 28577,
            "name": "Масло сливочное Традиционное с массовой долей жира 82,5 % 175 гр",
            "mech": null,
            "img_link": "https://media.5ka.ru/media/products/3948153.jpg",
            "plu": 3948153,
            "promo": {
                "id": 1170481579,
                "date_begin": "2021-03-23",
                "date_end": "2021-03-29",
                "type": "",
                "description": "",
                "kind": "Z001",
                "expired_at": 3
            },
            "current_prices": {
                "price_reg__min": 99.99,
                "price_promo__min": 97.99
            },
            "store_name": null
        },
        {
            "id": 28555,
            "name": "Масло сливочное Брест Литовск, 72,5%, 180 г",
            "mech": null,
            "img_link": "https://media.5ka.ru/media/products/3658095.jpg",
            "plu": 3658095,
            "promo": {
                "id": 1170481579,
                "date_begin": "2021-03-23",
                "date_end": "2021-03-29",
                "type": "",
                "description": "",
                "kind": "Z001",
                "expired_at": 3
            },
            "current_prices": {
                "price_reg__min": 131.99,
                "price_promo__min": 114.99
            },
            "store_name": null
        }
    ]
}