{
    "name": "Сгущенное молоко",
    "code": "715",
    "products": [
        {
            "id": 7774,
            "name": "Молоко сгущенное вареное с сахаром \"Егорка\" Рогачев 8,5% жирн., 360 гр.",
            "mech": null,
            "img_link": "https://media.5ka.ru/media/products/3907533.jpg",
            "plu": 3907533,
            "promo": {
                "id": 1163236940,
                "date_begin": "2021-02-28",
                "date_end": "2021-04-03",
                "type": "",
                "description": "",
                "kind": "Z011",
                "expired_at": 8
            },
            "current_prices": {
                "price_reg__min": 135.99,
                "price_promo__min": 119.99
            },
            "store_name": null
        }
    ]
}