{
    "name": "Деликатесы и копчености",
    "code": "717",
    "products": [
        {
            "id": 7871,
            "name": "М.РЯД Буженина запеч.в/у 1кг",
            "mech": null,
            "img_link": "https://media.5ka.ru/media/products/78001511.jpg",
            "plu": 78001511,
            "promo": {
                "id": 1163236940,
                "date_begin": "2021-02-28",
                "date_end": "2021-04-03",
                "type": "",
                "description": "",
                "kind": "Z011",
                "expired_at": 8
            },
            "current_prices": {
                "price_reg__min": 999.99,
                "price_promo__min": 649.99
            },
            "store_name": null
        }
    ]
}