{
    "name": "Колбаса",
    "code": "718",
    "products": [
        {
            "id": 30565,
            "name": "Сервелат Кремлевский, варено копченый, Стародворские колбасы, 350 г",
            "mech": null,
            "img_link": "https://media.5ka.ru/media/products/3671899.jpg",
            "plu": 3671899,
            "promo": {
                "id": 1170494144,
                "date_begin": "2021-03-23",
                "date_end": "2021-03-29",
                "type": "",
                "description": "",
                "kind": "Z001",
                "expired_at": 3
            },
            "current_prices": {
                "price_reg__min": 146.0,
                "price_promo__min": 89.99
            },
            "store_name": null
        },
        {
            "id": 30480,
            "name": "Колбаса Совиньон; Салями Парма, сырокопчёная, Егорьевский МК, 100 г",
            "mech": null,
            "img_link": "https://media.5ka.ru/media/products/3460891.jpg",
            "plu": 3460891,
            "promo": {
                "id": 1170494144,
                "date_begin": "2021-03-23",
                "date_end": "2021-03-29",
                "type": "",
                "description": "",
                "kind": "Z001",
                "expired_at": 3
            },
            "current_prices": {
                "price_reg__min": 119.0,
                "price_promo__min": 99.99
            },
            "store_name": null
        },
        {
            "id": 30524,
            "name": "Колбаса Палермо, сырокопченая, Егорьевский МК, 100 г",
            "mech": null,
            "img_link": "https://media.5ka.ru/media/products/3622973.jpg",
            "plu": 3622973,
            "promo": {
                "id": 1170494144,
                "date_begin": "2021-03-23",
                "date_end": "2021-03-29",
                "type": "",
                "description": "",
                "kind": "Z001",
                "expired_at": 3
            },
            "current_prices": {
                "price_reg__min": 128.99,
                "price_promo__min": 99.99
            },
            "store_name": null
        },
        {
            "id": 30583,
            "name": "Колбаса Кремлевская, Владимирский стандарт, 350 г",
            "mech": null,
            "img_link": "https://media.5ka.ru/media/products/3920511.jpg",
            "plu": 3920511,
            "promo": {
                "id": 1170494144,
                "date_begin": "2021-03-23",
                "date_end": "2021-03-29",
                "type": "",
                "description": "",
                "kind": "Z001",
                "expired_at": 3
            },
            "current_prices": {
                "price_reg__min": 179.99,
                "price_promo__min": 129.99
            },
            "store_name": null
        },
        {
            "id": 30522,
            "name": "Колбаса Салями Венская, сырокопченая, Клинский мк, 300 г",
            "mech": null,
            "img_link": "https://media.5ka.ru/media/products/3620876.jpg",
            "plu": 3620876,
            "promo": {
                "id": 1170494144,
                "date_begin": "2021-03-23",
                "date_end": "2021-03-29",
                "type": "",
                "description": "",
                "kind": "Z001",
                "expired_at": 3
            },
            "current_prices": {
                "price_reg__min": 288.99,
                "price_promo__min": 159.99
            },
            "store_name": null
        },
        {
            "id": 7679,
            "name": "Колбаса Свиная, сырокопченая, Малаховский МК, 300 г",
            "mech": null,
            "img_link": "https://media.5ka.ru/media/products/3413609.jpg",
            "plu": 3413609,
            "promo": {
                "id": 1163236940,
                "date_begin": "2021-02-28",
                "date_end": "2021-04-03",
                "type": "",
                "description": "",
                "kind": "Z011",
                "expired_at": 8
            },
            "current_prices": {
                "price_reg__min": 249.0,
                "price_promo__min": 199.99
            },
            "store_name": null
        },
        {
            "id": 31035,
            "name": "Мясной продукт категории Б, охлажденный. Колбаса полукопченая \"Краковская\" 1кг",
            "mech": null,
            "img_link": "https://media.5ka.ru/media/products/3631119.jpg",
            "plu": 3631119,
            "promo": {
                "id": 1170495045,
                "date_begin": "2021-03-23",
                "date_end": "2021-03-29",
                "type": "",
                "description": "",
                "kind": "Z001",
                "expired_at": 3
            },
            "current_prices": {
                "price_reg__min": 309.99,
                "price_promo__min": 199.99
            },
            "store_name": null
        },
        {
            "id": 7782,
            "name": "ВЕЛКОМ Колбаса ТЕЛЯЧЬЯ вар. КАТЕГОРИИ А в/у 500г",
            "mech": null,
            "img_link": "https://media.5ka.ru/media/products/3931387.jpg",
            "plu": 3931387,
            "promo": {
                "id": 1163236940,
                "date_begin": "2021-02-28",
                "date_end": "2021-04-03",
                "type": "",
                "description": "",
                "kind": "Z011",
                "expired_at": 8
            },
            "current_prices": {
                "price_reg__min": 309.99,
                "price_promo__min": 209.99
            },
            "store_name": null
        },
        {
            "id": 7763,
            "name": "Колбаса Краковская, Гост, Ближние Горки, 400 г",
            "mech": null,
            "img_link": "https://media.5ka.ru/media/products/3683406.jpg",
            "plu": 3683406,
            "promo": {
                "id": 1163236940,
                "date_begin": "2021-02-28",
                "date_end": "2021-04-03",
                "type": "",
                "description": "",
                "kind": "Z011",
                "expired_at": 8
            },
            "current_prices": {
                "price_reg__min": 305.99,
                "price_promo__min": 233.99
            },
            "store_name": null
        }
    ]
}