{
    "name": "Свинина",
    "code": "723",
    "products": [
        {
            "id": 24896,
            "name": "Шницель свиной, охлажденный, Рестория, 400 г",
            "mech": null,
            "img_link": "https://media.5ka.ru/media/products/3619732.jpg",
            "plu": 3619732,
            "promo": {
                "id": 1172676870,
                "date_begin": "2021-03-23",
                "date_end": "2021-03-29",
                "type": "",
                "description": "",
                "kind": "Z001",
                "expired_at": 3
            },
            "current_prices": {
                "price_reg__min": 139.0,
                "price_promo__min": 129.99
            },
            "store_name": null
        },
        {
            "id": 24898,
            "name": "Шейка свиная, Слово Мясника, 800 г",
            "mech": null,
            "img_link": "https://media.5ka.ru/media/products/3666472.jpg",
            "plu": 3666472,
            "promo": {
                "id": 1172676870,
                "date_begin": "2021-03-23",
                "date_end": "2021-03-29",
                "type": "",
                "description": "",
                "kind": "Z001",
                "expired_at": 3
            },
            "current_prices": {
                "price_reg__min": 319.99,
                "price_promo__min": 239.99
            },
            "store_name": null
        }
    ]
}