{
    "name": "Птица",
    "code": "729",
    "products": [
        {
            "id": 24895,
            "name": "Бифштекс Изобилие, Первая свежесть, 600 г",
            "mech": null,
            "img_link": "https://media.5ka.ru/media/products/3488543.jpg",
            "plu": 3488543,
            "promo": {
                "id": 1172676870,
                "date_begin": "2021-03-23",
                "date_end": "2021-03-29",
                "type": "",
                "description": "",
                "kind": "Z001",
                "expired_at": 3
            },
            "current_prices": {
                "price_reg__min": 149.99,
                "price_promo__min": 119.99
            },
            "store_name": null
        },
        {
            "id": 24893,
            "name": "Куриная грудка, без кожи, охлажденная, Первая свежесть, 1 кг",
            "mech": null,
            "img_link": "https://media.5ka.ru/media/products/2160026.jpg",
            "plu": 2160026,
            "promo": {
                "id": 1172676870,
                "date_begin": "2021-03-23",
                "date_end": "2021-03-29",
                "type": "",
                "description": "",
                "kind": "Z001",
                "expired_at": 3
            },
            "current_prices": {
                "price_reg__min": 188.3,
                "price_promo__min": 179.99
            },
            "store_name": null
        },
        {
            "id": 24897,
            "name": "Филе Голени индейки, охлажденное, Пава Пава, 600 г",
            "mech": null,
            "img_link": "https://media.5ka.ru/media/products/3626093.jpg",
            "plu": 3626093,
            "promo": {
                "id": 1172676870,
                "date_begin": "2021-03-23",
                "date_end": "2021-03-29",
                "type": "",
                "description": "",
                "kind": "Z001",
                "expired_at": 3
            },
            "current_prices": {
                "price_reg__min": 209.99,
                "price_promo__min": 189.99
            },
            "store_name": null
        },
        {
            "id": 24899,
            "name": "П/ф из мяса индейки крупнокусковые бескостные натуральные Вырезка из индейки, охл, ВУ ТФ, 800 г",
            "mech": null,
            "img_link": "https://media.5ka.ru/media/products/4013612.jpg",
            "plu": 4013612,
            "promo": {
                "id": 1172676870,
                "date_begin": "2021-03-23",
                "date_end": "2021-03-29",
                "type": "",
                "description": "",
                "kind": "Z001",
                "expired_at": 3
            },
            "current_prices": {
                "price_reg__min": 308.99,
                "price_promo__min": 269.99
            },
            "store_name": null
        }
    ]
}