{
    "name": "Вода",
    "code": "737",
    "products": [
        {
            "id": 30591,
            "name": "Вода минеральная Arivali, 0,5 л",
            "mech": null,
            "img_link": "https://media.5ka.ru/media/products/3939624.jpg",
            "plu": 3939624,
            "promo": {
                "id": 1170494144,
                "date_begin": "2021-03-23",
                "date_end": "2021-03-29",
                "type": "",
                "description": "",
                "kind": "Z001",
                "expired_at": 3
            },
            "current_prices": {
                "price_reg__min": 19.99,
                "price_promo__min": 16.99
            },
            "store_name": null
        },
        {
            "id": 6090,
            "name": "Вода Архыз Легенда Гор, негазированная, 1,5 л",
            "mech": null,
            "img_link": "https://media.5ka.ru/media/products/3630602.jpg",
            "plu": 3630602,
            "promo": {
                "id": 1163236905,
                "date_begin": "2021-02-28",
                "date_end": "2021-04-06",
                "type": "",
                "description": "",
                "kind": "Z011",
                "expired_at": 11
            },
            "current_prices": {
                "price_reg__min": 39.99,
                "price_promo__min": 36.99
            },
            "store_name": null
        },
        {
            "id": 6091,
            "name": "Вода Архыз Легенда Гор, газированная, 1,5 л",
            "mech": null,
            "img_link": "https://media.5ka.ru/media/products/3630603.jpg",
            "plu": 3630603,
            "promo": {
                "id": 1163236905,
                "date_begin": "2021-02-28",
                "date_end": "2021-04-06",
                "type": "",
                "description": "",
                "kind": "Z011",
                "expired_at": 11
            },
            "current_prices": {
                "price_reg__min": 39.99,
                "price_promo__min": 36.99
            },
            "store_name": null
        },
        {
            "id": 23074,
            "name": "Напиток безалкогольный негазированный Аква Минерале \"Лимон\" 0.5л",
            "mech": null,
            "img_link": "https://media.5ka.ru/media/products/3922566.jpg",
            "plu": 3922566,
            "promo": {
                "id": 1163332313,
                "date_begin": "2021-02-28",
                "date_end": "2021-04-06",
                "type": "",
                "description": "",
                "kind": "Z011",
                "expired_at": 11
            },
            "current_prices": {
                "price_reg__min": 48.99,
                "price_promo__min": 39.99
            },
            "store_name": null
        },
        {
            "id": 23075,
            "name": "Напиток безалкогольный среднегазированный Аква Минерале \"Черешня\" 0.5л",
            "mech": null,
            "img_link": "https://media.5ka.ru/media/products/3922569.jpg",
            "plu": 3922569,
            "promo": {
                "id": 1163332313,
                "date_begin": "2021-02-28",
                "date_end": "2021-04-06",
                "type": "",
                "description": "",
                "kind": "Z011",
                "expired_at": 11
            },
            "current_prices": {
                "price_reg__min": 48.99,
                "price_promo__min": 39.99
            },
            "store_name": null
        },
        {
            "id": 30532,
            "name": "Вода Легенда Гор, Архыз, минеральная, 5 л",
            "mech": null,
            "img_link": "https://media.5ka.ru/media/products/3635131.jpg",
            "plu": 3635131,
            "promo": {
                "id": 1170494144,
                "date_begin": "2021-03-23",
                "date_end": "2021-03-29",
                "type": "",
                "description": "",
                "kind": "Z001",
                "expired_at": 3
            },
            "current_prices": {
                "price_reg__min": 98.99,
                "price_promo__min": 79.99
            },
            "store_name": null
        },
        {
            "id": 30592,
            "name": "Вода минеральная Боржоми, 1,25 л",
            "mech": null,
            "img_link": "https://media.5ka.ru/media/products/3943982.jpg",
            "plu": 3943982,
            "promo": {
                "id": 1170494144,
                "date_begin": "2021-03-23",
                "date_end": "2021-03-29",
                "type": "",
                "description": "",
                "kind": "Z001",
                "expired_at": 3
            },
            "current_prices": {
                "price_reg__min": 120.99,
                "price_promo__min": 99.99
            },
            "store_name": null
        }
    ]
}