{
    "name": "Сладкая газированная вода",
    "code": "740",
    "products": [
        {
            "id": 22974,
            "name": "Напиток Байкал, сильногазированный, 0,33 л",
            "mech": null,
            "img_link": "https://media.5ka.ru/media/products/3607122.jpg",
            "plu": 3607122,
            "promo": {
                "id": 1163332313,
                "date_begin": "2021-02-28",
                "date_end": "2021-04-06",
                "type": "",
                "description": "",
                "kind": "Z011",
                "expired_at": 11
            },
            "current_prices": {
                "price_reg__min": 43.9,
                "price_promo__min": 39.99
            },
            "store_name": null
        },
        {
            "id": 23091,
            "name": "«Кока-Кола Ванилла ®» напиток безалкогольный сильногазированный, 0.33л",
            "mech": null,
            "img_link": "https://media.5ka.ru/media/products/3962905.jpg",
            "plu": 3962905,
            "promo": {
                "id": 1163332313,
                "date_begin": "2021-02-28",
                "date_end": "2021-04-06",
                "type": "",
                "description": "",
                "kind": "Z011",
                "expired_at": 11
            },
            "current_prices": {
                "price_reg__min": 44.99,
                "price_promo__min": 42.99
            },
            "store_name": null
        },
        {
            "id": 6107,
            "name": "PEPSI Напит.КОЛА б/алк.с/газ.0,5л",
            "mech": null,
            "img_link": "https://media.5ka.ru/media/products/3684630.jpg",
            "plu": 3684630,
            "promo": {
                "id": 1163236905,
                "date_begin": "2021-02-28",
                "date_end": "2021-04-06",
                "type": "",
                "description": "",
                "kind": "Z011",
                "expired_at": 11
            },
            "current_prices": {
                "price_reg__min": 52.99,
                "price_promo__min": 46.99
            },
            "store_name": null
        },
        {
            "id": 5982,
            "name": "Напиток безалкогольный тонизирующий газированный «ГринМи плюс протект (GreenMe plus protect)» 0,33 л.",
            "mech": null,
            "img_link": "https://media.5ka.ru/media/products/4054838.jpg",
            "plu": 4054838,
            "promo": {
                "id": 1165122189,
                "date_begin": "2021-03-07",
                "date_end": "2021-04-06",
                "type": "",
                "description": "",
                "kind": "Z011",
                "expired_at": 11
            },
            "current_prices": {
                "price_reg__min": 59.99,
                "price_promo__min": 47.99
            },
            "store_name": null
        },
        {
            "id": 28245,
            "name": "Напиток Pepsi, 1 л",
            "mech": null,
            "img_link": "https://media.5ka.ru/media/products/3684639.jpg",
            "plu": 3684639,
            "promo": {
                "id": 1170469267,
                "date_begin": "2021-03-23",
                "date_end": "2021-03-29",
                "type": "",
                "description": "",
                "kind": "Z001",
                "expired_at": 3
            },
            "current_prices": {
                "price_reg__min": 72.99,
                "price_promo__min": 54.99
            },
            "store_name": null
        },
        {
            "id": 23071,
            "name": "Напиток безалкогольный сильногазированный \"Миринда Микс-Ит\" со вкусом Клубники и Личи 0.5л",
            "mech": null,
            "img_link": "https://media.5ka.ru/media/products/3922335.jpg",
            "plu": 3922335,
            "promo": {
                "id": 1163332313,
                "date_begin": "2021-02-28",
                "date_end": "2021-04-06",
                "type": "",
                "description": "",
                "kind": "Z011",
                "expired_at": 11
            },
            "current_prices": {
                "price_reg__min": 56.99,
                "price_promo__min": 55.99
            },
            "store_name": null
        },
        {
            "id": 23073,
            "name": "Напиток безалкогольный сильногазированный \"Миринда Микс-Ит\" со вкусом Ананаса и Груши 0.5л",
            "mech": null,
            "img_link": "https://media.5ka.ru/media/products/3922339.jpg",
            "plu": 3922339,
            "promo": {
                "id": 1163332313,
                "date_begin": "2021-02-28",
                "date_end": "2021-04-06",
                "type": "",
                "description": "",
                "kind": "Z011",
                "expired_at": 11
            },
            "current_prices": {
                "price_reg__min": 56.99,
                "price_promo__min": 55.99
            },
            "store_name": null
        },
        {
            "id": 30575,
            "name": "PEPSI Напит.ЛАЙТ б/алк.с/газ.1л",
            "mech": null,
            "img_link": "https://media.5ka.ru/media/products/3684651.jpg",
            "plu": 3684651,
            "promo": {
                "id": 1170494144,
                "date_begin": "2021-03-23",
                "date_end": "2021-03-29",
                "type": "",
                "description": "",
                "kind": "Z001",
                "expired_at": 3
            },
            "current_prices": {
                "price_reg__min": 72.99,
                "price_promo__min": 59.99
            },
            "store_name": null
        },
        {
            "id": 30576,
            "name": "MIRINDA Напит.АПЕЛЬСИН б/алк.с/газ.1л",
            "mech": null,
            "img_link": "https://media.5ka.ru/media/products/3684653.jpg",
            "plu": 3684653,
            "promo": {
                "id": 1170494144,
                "date_begin": "2021-03-23",
                "date_end": "2021-03-29",
                "type": "",
                "description": "",
                "kind": "Z001",
                "expired_at": 3
            },
            "current_prices": {
                "price_reg__min": 72.99,
                "price_promo__min": 59.99
            },
            "store_name": null
        },
        {
            "id": 30561,
            "name": "Напиток 7UP, газированный, 1 л",
            "mech": null,
            "img_link": "https://media.5ka.ru/media/products/3670142.jpg",
            "plu": 3670142,
            "promo": {
                "id": 1170494144,
                "date_begin": "2021-03-23",
                "date_end": "2021-03-29",
                "type": "",
                "description": "",
                "kind": "Z001",
                "expired_at": 3
            },
            "current_prices": {
                "price_reg__min": 74.99,
                "price_promo__min": 69.99
            },
            "store_name": null
        },
        {
            "id": 30606,
            "name": "Напиток безалкогольный сильногазированный \"ЗОЛОТО САЯН\" 2л, ПЭТ",
            "mech": null,
            "img_link": "https://media.5ka.ru/media/products/4000802.jpg",
            "plu": 4000802,
            "promo": {
                "id": 1170494144,
                "date_begin": "2021-03-23",
                "date_end": "2021-03-29",
                "type": "",
                "description": "",
                "kind": "Z001",
                "expired_at": 3
            },
            "current_prices": {
                "price_reg__min": 81.19,
                "price_promo__min": 79.99
            },
            "store_name": null
        },
        {
            "id": 23034,
            "name": "Напитки Pepsi,, 1,5 л",
            "mech": null,
            "img_link": "https://media.5ka.ru/media/products/3684633.jpg",
            "plu": 3684633,
            "promo": {
                "id": 1163332313,
                "date_begin": "2021-02-28",
                "date_end": "2021-04-06",
                "type": "",
                "description": "",
                "kind": "Z011",
                "expired_at": 11
            },
            "current_prices": {
                "price_reg__min": 92.89,
                "price_promo__min": 82.99
            },
            "store_name": null
        },
        {
            "id": 23035,
            "name": "Напитки 7Up, 1,5 л",
            "mech": null,
            "img_link": "https://media.5ka.ru/media/products/3684634.jpg",
            "plu": 3684634,
            "promo": {
                "id": 1163332313,
                "date_begin": "2021-02-28",
                "date_end": "2021-04-06",
                "type": "",
                "description": "",
                "kind": "Z011",
                "expired_at": 11
            },
            "current_prices": {
                "price_reg__min": 88.99,
                "price_promo__min": 82.99
            },
            "store_name": null
        },
        {
            "id": 23036,
            "name": "Напитки Mirinda апельсин, 1,5 л",
            "mech": null,
            "img_link": "https://media.5ka.ru/media/products/3684637.jpg",
            "plu": 3684637,
            "promo": {
                "id": 1163332313,
                "date_begin": "2021-02-28",
                "date_end": "2021-04-06",
                "type": "",
                "description": "",
                "kind": "Z011",
                "expired_at": 11
            },
            "current_prices": {
                "price_reg__min": 90.99,
                "price_promo__min": 82.99
            },
            "store_name": null
        },
        {
            "id": 23037,
            "name": "Напитки Pepsi Wild Cherry, 1,5 л",
            "mech": null,
            "img_link": "https://media.5ka.ru/media/products/3684638.jpg",
            "plu": 3684638,
            "promo": {
                "id": 1163332313,
                "date_begin": "2021-02-28",
                "date_end": "2021-04-06",
                "type": "",
                "description": "",
                "kind": "Z011",
                "expired_at": 11
            },
            "current_prices": {
                "price_reg__min": 92.89,
                "price_promo__min": 82.99
            },
            "store_name": null
        },
        {
            "id": 23069,
            "name": "Напиток безалкогольный сильногазированный низкокалорийный \"PEPSI DARK VANILLA\" (\"Пепси Дарк Ванилла\" вкус Ванили\") 1.5л",
            "mech": null,
            "img_link": "https://media.5ka.ru/media/products/3922281.jpg",
            "plu": 3922281,
            "promo": {
                "id": 1163332313,
                "date_begin": "2021-02-28",
                "date_end": "2021-04-06",
                "type": "",
                "description": "",
                "kind": "Z011",
                "expired_at": 11
            },
            "current_prices": {
                "price_reg__min": 99.99,
                "price_promo__min": 82.99
            },
            "store_name": null
        },
        {
            "id": 23072,
            "name": "Напиток безалкогольный сильногазированный \"Миринда Микс-Ит\" со вкусом Клубники и Личи 1.5л",
            "mech": null,
            "img_link": "https://media.5ka.ru/media/products/3922337.jpg",
            "plu": 3922337,
            "promo": {
                "id": 1163332313,
                "date_begin": "2021-02-28",
                "date_end": "2021-04-06",
                "type": "",
                "description": "",
                "kind": "Z011",
                "expired_at": 11
            },
            "current_prices": {
                "price_reg__min": 99.98,
                "price_promo__min": 82.99
            },
            "store_name": null
        },
        {
            "id": 23132,
            "name": "Напиток безалкогольный сильногазированный низкокалорийный \"Pepsi Mango\" Вкус Манго 1.5л ПЭТ 6Х",
            "mech": null,
            "img_link": "https://media.5ka.ru/media/products/4048530.jpg",
            "plu": 4048530,
            "promo": {
                "id": 1163332313,
                "date_begin": "2021-02-28",
                "date_end": "2021-04-06",
                "type": "",
                "description": "",
                "kind": "Z011",
                "expired_at": 11
            },
            "current_prices": {
                "price_reg__min": 109.99,
                "price_promo__min": 82.99
            },
            "store_name": null
        }
    ]
}