{
    "name": "Соки и нектары",
    "code": "741",
    "products": [
        {
            "id": 23120,
            "name": "Напиток безалкогольный негазированный Манго с семенами базилика ТМ «FRESH», 300 мл",
            "mech": null,
            "img_link": "https://media.5ka.ru/media/products/4045239.jpg",
            "plu": 4045239,
            "promo": {
                "id": 1163332313,
                "date_begin": "2021-02-28",
                "date_end": "2021-04-06",
                "type": "",
                "description": "",
                "kind": "Z011",
                "expired_at": 11
            },
            "current_prices": {
                "price_reg__min": 39.99,
                "price_promo__min": 29.99
            },
            "store_name": null
        },
        {
            "id": 23121,
            "name": "Напиток безалкогольный негазированный Гуава с семенами базилика ТМ «FRESH», 300 мл",
            "mech": null,
            "img_link": "https://media.5ka.ru/media/products/4045240.jpg",
            "plu": 4045240,
            "promo": {
                "id": 1163332313,
                "date_begin": "2021-02-28",
                "date_end": "2021-04-06",
                "type": "",
                "description": "",
                "kind": "Z011",
                "expired_at": 11
            },
            "current_prices": {
                "price_reg__min": 39.99,
                "price_promo__min": 29.99
            },
            "store_name": null
        },
        {
            "id": 23122,
            "name": "Напиток безалкогольный негазированный вкус Киви - Фейхоа с семенами базилика ТМ «FRESH», 300 мл",
            "mech": null,
            "img_link": "https://media.5ka.ru/media/products/4045241.jpg",
            "plu": 4045241,
            "promo": {
                "id": 1163332313,
                "date_begin": "2021-02-28",
                "date_end": "2021-04-06",
                "type": "",
                "description": "",
                "kind": "Z011",
                "expired_at": 11
            },
            "current_prices": {
                "price_reg__min": 39.99,
                "price_promo__min": 29.99
            },
            "store_name": null
        },
        {
            "id": 30633,
            "name": "GLOBAL VILLAGE Нектар яблочный, 0,95л",
            "mech": null,
            "img_link": "https://media.5ka.ru/media/products/4044851.jpg",
            "plu": 4044851,
            "promo": {
                "id": 1170494144,
                "date_begin": "2021-03-23",
                "date_end": "2021-03-29",
                "type": "",
                "description": "",
                "kind": "Z001",
                "expired_at": 3
            },
            "current_prices": {
                "price_reg__min": 49.99,
                "price_promo__min": 44.99
            },
            "store_name": null
        },
        {
            "id": 30634,
            "name": "GLOBAL VILLAGE Сокосодержащий напиток из яблок, вишни и черешни, 0,95л",
            "mech": null,
            "img_link": "https://media.5ka.ru/media/products/4044852.jpg",
            "plu": 4044852,
            "promo": {
                "id": 1170494144,
                "date_begin": "2021-03-23",
                "date_end": "2021-03-29",
                "type": "",
                "description": "",
                "kind": "Z001",
                "expired_at": 3
            },
            "current_prices": {
                "price_reg__min": 49.99,
                "price_promo__min": 44.99
            },
            "store_name": null
        },
        {
            "id": 30635,
            "name": "GLOBAL VILLAGE Сокосодержащий напиток из яблок, черноплодной рябины, клубники и земляники, 0,95л",
            "mech": null,
            "img_link": "https://media.5ka.ru/media/products/4044853.jpg",
            "plu": 4044853,
            "promo": {
                "id": 1170494144,
                "date_begin": "2021-03-23",
                "date_end": "2021-03-29",
                "type": "",
                "description": "",
                "kind": "Z001",
                "expired_at": 3
            },
            "current_prices": {
                "price_reg__min": 49.99,
                "price_promo__min": 44.99
            },
            "store_name": null
        },
        {
            "id": 30636,
            "name": "GLOBAL VILLAGE Сокосодержащий напиток из апельсинов, манго и мандаринов, 0,95л",
            "mech": null,
            "img_link": "https://media.5ka.ru/media/products/4044854.jpg",
            "plu": 4044854,
            "promo": {
                "id": 1170494144,
                "date_begin": "2021-03-23",
                "date_end": "2021-03-29",
                "type": "",
                "description": "",
                "kind": "Z001",
                "expired_at": 3
            },
            "current_prices": {
                "price_reg__min": 49.99,
                "price_promo__min": 44.99
            },
            "store_name": null
        },
        {
            "id": 23060,
            "name": "Вишневый нектар \"RICH\" ПЭТ 0.3л",
            "mech": null,
            "img_link": "https://media.5ka.ru/media/products/3902703.jpg",
            "plu": 3902703,
            "promo": {
                "id": 1163332313,
                "date_begin": "2021-02-28",
                "date_end": "2021-04-06",
                "type": "",
                "description": "",
                "kind": "Z011",
                "expired_at": 11
            },
            "current_prices": {
                "price_reg__min": 55.99,
                "price_promo__min": 46.99
            },
            "store_name": null
        },
        {
            "id": 23061,
            "name": "Нектар из апельсинов и манго \"RICH\" ПЭТ 0.3л",
            "mech": null,
            "img_link": "https://media.5ka.ru/media/products/3902704.jpg",
            "plu": 3902704,
            "promo": {
                "id": 1163332313,
                "date_begin": "2021-02-28",
                "date_end": "2021-04-06",
                "type": "",
                "description": "",
                "kind": "Z011",
                "expired_at": 11
            },
            "current_prices": {
                "price_reg__min": 55.99,
                "price_promo__min": 46.99
            },
            "store_name": null
        },
        {
            "id": 23062,
            "name": "Яблочный сок \"RICH\", ПЭТ 0.3л.",
            "mech": null,
            "img_link": "https://media.5ka.ru/media/products/3903669.jpg",
            "plu": 3903669,
            "promo": {
                "id": 1163332313,
                "date_begin": "2021-02-28",
                "date_end": "2021-04-06",
                "type": "",
                "description": "",
                "kind": "Z011",
                "expired_at": 11
            },
            "current_prices": {
                "price_reg__min": 55.99,
                "price_promo__min": 46.99
            },
            "store_name": null
        },
        {
            "id": 30650,
            "name": "Напиток сокосодержащий из яблок, киви и клубники с ароматом базилика \"Нежная клубника и базилик\" 0.9л. ПЭТ",
            "mech": null,
            "img_link": "https://media.5ka.ru/media/products/4054277.jpg",
            "plu": 4054277,
            "promo": {
                "id": 1170494144,
                "date_begin": "2021-03-23",
                "date_end": "2021-03-29",
                "type": "",
                "description": "",
                "kind": "Z001",
                "expired_at": 3
            },
            "current_prices": {
                "price_reg__min": 69.99,
                "price_promo__min": 59.99
            },
            "store_name": null
        },
        {
            "id": 30651,
            "name": "Напиток сокосодержащий яблочно-лимонный с мякотью апельсинов и ароматом мяты \"Сочный лимон и мята\" 0.9л., ПЭТ",
            "mech": null,
            "img_link": "https://media.5ka.ru/media/products/4054279.jpg",
            "plu": 4054279,
            "promo": {
                "id": 1170494144,
                "date_begin": "2021-03-23",
                "date_end": "2021-03-29",
                "type": "",
                "description": "",
                "kind": "Z001",
                "expired_at": 3
            },
            "current_prices": {
                "price_reg__min": 69.99,
                "price_promo__min": 59.99
            },
            "store_name": null
        },
        {
            "id": 30568,
            "name": "ФРУКТ.САД Сок ЯБЛ.осв.д/дет.пит.0,95л",
            "mech": null,
            "img_link": "https://media.5ka.ru/media/products/3679183.jpg",
            "plu": 3679183,
            "promo": {
                "id": 1170494144,
                "date_begin": "2021-03-23",
                "date_end": "2021-03-29",
                "type": "",
                "description": "",
                "kind": "Z001",
                "expired_at": 3
            },
            "current_prices": {
                "price_reg__min": 69.99,
                "price_promo__min": 64.99
            },
            "store_name": null
        },
        {
            "id": 22940,
            "name": "FRESH ALOE Нап.кус.алоэ б/алк.негаз.1,5л",
            "mech": null,
            "img_link": "https://media.5ka.ru/media/products/3450911.jpg",
            "plu": 3450911,
            "promo": {
                "id": 1163332313,
                "date_begin": "2021-02-28",
                "date_end": "2021-04-06",
                "type": "",
                "description": "",
                "kind": "Z011",
                "expired_at": 11
            },
            "current_prices": {
                "price_reg__min": 95.95,
                "price_promo__min": 89.99
            },
            "store_name": null
        },
        {
            "id": 23020,
            "name": "FRESH ALOE Нап.ВК.КЛУБН.с кус.алоэ 1,5л",
            "mech": null,
            "img_link": "https://media.5ka.ru/media/products/3661655.jpg",
            "plu": 3661655,
            "promo": {
                "id": 1163332313,
                "date_begin": "2021-02-28",
                "date_end": "2021-04-06",
                "type": "",
                "description": "",
                "kind": "Z011",
                "expired_at": 11
            },
            "current_prices": {
                "price_reg__min": 99.9,
                "price_promo__min": 89.99
            },
            "store_name": null
        },
        {
            "id": 22948,
            "name": "ЛЮБИМЫЙ Напит.ябл/вишн/чер.осв.д/д 1,93л",
            "mech": null,
            "img_link": "https://media.5ka.ru/media/products/3467778.jpg",
            "plu": 3467778,
            "promo": {
                "id": 1163332313,
                "date_begin": "2021-02-28",
                "date_end": "2021-04-06",
                "type": "",
                "description": "",
                "kind": "Z011",
                "expired_at": 11
            },
            "current_prices": {
                "price_reg__min": 109.0,
                "price_promo__min": 94.99
            },
            "store_name": null
        },
        {
            "id": 22964,
            "name": "ЛЮБИМЫЙ Нап.АПЕЛЬСИН.МАНГО дет.мяк.1,93л",
            "mech": null,
            "img_link": "https://media.5ka.ru/media/products/3498026.jpg",
            "plu": 3498026,
            "promo": {
                "id": 1163332313,
                "date_begin": "2021-02-28",
                "date_end": "2021-04-06",
                "type": "",
                "description": "",
                "kind": "Z011",
                "expired_at": 11
            },
            "current_prices": {
                "price_reg__min": 109.0,
                "price_promo__min": 94.99
            },
            "store_name": null
        },
        {
            "id": 22982,
            "name": "Напиток сокосодержащий из яблок,абрикосов и груш для детского питания \"Абрикосовая груша\" \"Любимый\" 1,93л",
            "mech": null,
            "img_link": "https://media.5ka.ru/media/products/3623588.jpg",
            "plu": 3623588,
            "promo": {
                "id": 1163332313,
                "date_begin": "2021-02-28",
                "date_end": "2021-04-06",
                "type": "",
                "description": "",
                "kind": "Z011",
                "expired_at": 11
            },
            "current_prices": {
                "price_reg__min": 109.0,
                "price_promo__min": 94.99
            },
            "store_name": null
        },
        {
            "id": 23015,
            "name": "ЛЮБИМЫЙ Нап.ТРОПИЧЕС.МИКС с/содерж.1,93л",
            "mech": null,
            "img_link": "https://media.5ka.ru/media/products/3659858.jpg",
            "plu": 3659858,
            "promo": {
                "id": 1163332313,
                "date_begin": "2021-02-28",
                "date_end": "2021-04-06",
                "type": "",
                "description": "",
                "kind": "Z011",
                "expired_at": 11
            },
            "current_prices": {
                "price_reg__min": 117.99,
                "price_promo__min": 94.99
            },
            "store_name": null
        },
        {
            "id": 22913,
            "name": "Я Нектар и/манго с мякотью д/д пит.0,97л",
            "mech": null,
            "img_link": "https://media.5ka.ru/media/products/3376406.jpg",
            "plu": 3376406,
            "promo": {
                "id": 1163332313,
                "date_begin": "2021-02-28",
                "date_end": "2021-04-06",
                "type": "",
                "description": "",
                "kind": "Z011",
                "expired_at": 11
            },
            "current_prices": {
                "price_reg__min": 148.99,
                "price_promo__min": 96.99
            },
            "store_name": null
        },
        {
            "id": 22977,
            "name": "Сок овощной !DEAS \"Томатно-огуречный с перцем, чесноком, луком, экстрактом трав и морской солью\", 1 л.",
            "mech": null,
            "img_link": "https://media.5ka.ru/media/products/3619660.jpg",
            "plu": 3619660,
            "promo": {
                "id": 1163332313,
                "date_begin": "2021-02-28",
                "date_end": "2021-04-06",
                "type": "",
                "description": "",
                "kind": "Z011",
                "expired_at": 11
            },
            "current_prices": {
                "price_reg__min": 139.99,
                "price_promo__min": 99.99
            },
            "store_name": null
        },
        {
            "id": 22978,
            "name": "Сок фруктово-овощной !DEAS \"Яблочный с сельдереем\", 1 л.",
            "mech": null,
            "img_link": "https://media.5ka.ru/media/products/3619758.jpg",
            "plu": 3619758,
            "promo": {
                "id": 1163332313,
                "date_begin": "2021-02-28",
                "date_end": "2021-04-06",
                "type": "",
                "description": "",
                "kind": "Z011",
                "expired_at": 11
            },
            "current_prices": {
                "price_reg__min": 139.99,
                "price_promo__min": 99.99
            },
            "store_name": null
        },
        {
            "id": 23057,
            "name": "SOKO GRANDE Нектар из манго с мяк.0,75л",
            "mech": null,
            "img_link": "https://media.5ka.ru/media/products/3694761.jpg",
            "plu": 3694761,
            "promo": {
                "id": 1163332313,
                "date_begin": "2021-02-28",
                "date_end": "2021-04-06",
                "type": "",
                "description": "",
                "kind": "Z011",
                "expired_at": 11
            },
            "current_prices": {
                "price_reg__min": 117.99,
                "price_promo__min": 99.99
            },
            "store_name": null
        },
        {
            "id": 23058,
            "name": "SOKO GRANDE Нектар облепих.с мяк.0,75л",
            "mech": null,
            "img_link": "https://media.5ka.ru/media/products/3694764.jpg",
            "plu": 3694764,
            "promo": {
                "id": 1163332313,
                "date_begin": "2021-02-28",
                "date_end": "2021-04-06",
                "type": "",
                "description": "",
                "kind": "Z011",
                "expired_at": 11
            },
            "current_prices": {
                "price_reg__min": 117.99,
                "price_promo__min": 99.99
            },
            "store_name": null
        },
        {
            "id": 23066,
            "name": "Soko Grande Нектар из гуавы с мякотью 0,75л",
            "mech": null,
            "img_link": "https://media.5ka.ru/media/products/3913314.jpg",
            "plu": 3913314,
            "promo": {
                "id": 1163332313,
                "date_begin": "2021-02-28",
                "date_end": "2021-04-06",
                "type": "",
                "description": "",
                "kind": "Z011",
                "expired_at": 11
            },
            "current_prices": {
                "price_reg__min": 117.99,
                "price_promo__min": 99.99
            },
            "store_name": null
        },
        {
            "id": 23130,
            "name": "Сок овощефруктовый восстановленный \"!DEAS\" морковно-малиновый, 1л., стекло",
            "mech": null,
            "img_link": "https://media.5ka.ru/media/products/4047943.jpg",
            "plu": 4047943,
            "promo": {
                "id": 1163332313,
                "date_begin": "2021-02-28",
                "date_end": "2021-04-06",
                "type": "",
                "description": "",
                "kind": "Z011",
                "expired_at": 11
            },
            "current_prices": {
                "price_reg__min": 139.99,
                "price_promo__min": 99.99
            },
            "store_name": null
        },
        {
            "id": 30450,
            "name": "ДОБРЫЙ Нектар из ябл/ч/пл.ряб/виш.дет.2л",
            "mech": null,
            "img_link": "https://media.5ka.ru/media/products/3425888.jpg",
            "plu": 3425888,
            "promo": {
                "id": 1170494144,
                "date_begin": "2021-03-23",
                "date_end": "2021-03-29",
                "type": "",
                "description": "",
                "kind": "Z001",
                "expired_at": 3
            },
            "current_prices": {
                "price_reg__min": 189.99,
                "price_promo__min": 106.99
            },
            "store_name": null
        },
        {
            "id": 30452,
            "name": "Нектар Добрый, апельсин-грейпфрут-мандарин-лимон-лайм, 2 л",
            "mech": null,
            "img_link": "https://media.5ka.ru/media/products/3429341.jpg",
            "plu": 3429341,
            "promo": {
                "id": 1170494144,
                "date_begin": "2021-03-23",
                "date_end": "2021-03-29",
                "type": "",
                "description": "",
                "kind": "Z001",
                "expired_at": 3
            },
            "current_prices": {
                "price_reg__min": 129.99,
                "price_promo__min": 106.99
            },
            "store_name": null
        },
        {
            "id": 22893,
            "name": "Сок гранатовый, Гранте, 0,75 л",
            "mech": null,
            "img_link": "https://media.5ka.ru/media/products/3165884.jpg",
            "plu": 3165884,
            "promo": {
                "id": 1163332313,
                "date_begin": "2021-02-28",
                "date_end": "2021-04-06",
                "type": "",
                "description": "",
                "kind": "Z011",
                "expired_at": 11
            },
            "current_prices": {
                "price_reg__min": 339.99,
                "price_promo__min": 249.99
            },
            "store_name": null
        }
    ]
}