{
    "name": "Холодный чай",
    "code": "742",
    "products": [
        {
            "id": 23067,
            "name": "Напиток безалкогольный негазированный ФЬЮЗ ТИ черный чай лесные ягоды-гибискус 1,5л",
            "mech": null,
            "img_link": "https://media.5ka.ru/media/products/3913470.jpg",
            "plu": 3913470,
            "promo": {
                "id": 1163332313,
                "date_begin": "2021-02-28",
                "date_end": "2021-04-06",
                "type": "",
                "description": "",
                "kind": "Z011",
                "expired_at": 11
            },
            "current_prices": {
                "price_reg__min": 103.99,
                "price_promo__min": 99.99
            },
            "store_name": null
        },
        {
            "id": 23068,
            "name": "Напиток безалкогольный негазированный \"Фьюз Ти\" черный чай со вкусом лимон-лемонграсс 1,5 л",
            "mech": null,
            "img_link": "https://media.5ka.ru/media/products/3918977.jpg",
            "plu": 3918977,
            "promo": {
                "id": 1163332313,
                "date_begin": "2021-02-28",
                "date_end": "2021-04-06",
                "type": "",
                "description": "",
                "kind": "Z011",
                "expired_at": 11
            },
            "current_prices": {
                "price_reg__min": 102.99,
                "price_promo__min": 99.99
            },
            "store_name": null
        },
        {
            "id": 23117,
            "name": "Напиток «ФЬЮЗ ТИ» чай улун со вкусом малина-мята» б/алк.негаз.1,5л",
            "mech": null,
            "img_link": "https://media.5ka.ru/media/products/4043892.jpg",
            "plu": 4043892,
            "promo": {
                "id": 1163332313,
                "date_begin": "2021-02-28",
                "date_end": "2021-04-06",
                "type": "",
                "description": "",
                "kind": "Z011",
                "expired_at": 11
            },
            "current_prices": {
                "price_reg__min": 124.99,
                "price_promo__min": 99.99
            },
            "store_name": null
        }
    ]
}