{
    "name": "Икра",
    "code": "801",
    "products": [
        {
            "id": 18087,
            "name": "Рыбные консервы: \"Икра трески атлантической стерилизованная\" Fish House, 240 грамм",
            "mech": null,
            "img_link": "https://media.5ka.ru/media/products/4067052.jpg",
            "plu": 4067052,
            "promo": {
                "id": 1163314563,
                "date_begin": "2021-02-28",
                "date_end": "2021-04-07",
                "type": "",
                "description": "",
                "kind": "Z011",
                "expired_at": 12
            },
            "current_prices": {
                "price_reg__min": 119.99,
                "price_promo__min": 105.99
            },
            "store_name": null
        }
    ]
}