{
    "name": "Крабовое мясо и палочки",
    "code": "809",
    "products": [
        {
            "id": 30465,
            "name": "Мясо крабовое Русское море, 200 г",
            "mech": null,
            "img_link": "https://media.5ka.ru/media/products/3445265.jpg",
            "plu": 3445265,
            "promo": {
                "id": 1170494144,
                "date_begin": "2021-03-23",
                "date_end": "2021-03-29",
                "type": "",
                "description": "",
                "kind": "Z001",
                "expired_at": 3
            },
            "current_prices": {
                "price_reg__min": 69.99,
                "price_promo__min": 59.99
            },
            "store_name": null
        }
    ]
}