{
    "name": "Морепродукты",
    "code": "810",
    "products": [
        {
            "id": 30432,
            "name": "РАПТИКА Сельдь по ис.ф/к в пр.з.115г",
            "mech": null,
            "img_link": "https://media.5ka.ru/media/products/3401016.jpg",
            "plu": 3401016,
            "promo": {
                "id": 1170494144,
                "date_begin": "2021-03-23",
                "date_end": "2021-03-29",
                "type": "",
                "description": "",
                "kind": "Z001",
                "expired_at": 3
            },
            "current_prices": {
                "price_reg__min": 64.9,
                "price_promo__min": 49.99
            },
            "store_name": null
        },
        {
            "id": 30433,
            "name": "РАПТИКА Сельдь по ис.ф/к в с.вик.115г",
            "mech": null,
            "img_link": "https://media.5ka.ru/media/products/3401018.jpg",
            "plu": 3401018,
            "promo": {
                "id": 1170494144,
                "date_begin": "2021-03-23",
                "date_end": "2021-03-29",
                "type": "",
                "description": "",
                "kind": "Z001",
                "expired_at": 3
            },
            "current_prices": {
                "price_reg__min": 64.9,
                "price_promo__min": 49.99
            },
            "store_name": null
        },
        {
            "id": 30573,
            "name": "Сельдь по-царски, филе в масле, Балтийский берег, 400 г",
            "mech": null,
            "img_link": "https://media.5ka.ru/media/products/3682728.jpg",
            "plu": 3682728,
            "promo": {
                "id": 1170494144,
                "date_begin": "2021-03-23",
                "date_end": "2021-03-29",
                "type": "",
                "description": "",
                "kind": "Z001",
                "expired_at": 3
            },
            "current_prices": {
                "price_reg__min": 139.99,
                "price_promo__min": 109.99
            },
            "store_name": null
        }
    ]
}