{
    "name": "Соленая рыба",
    "code": "813",
    "products": [
        {
            "id": 30612,
            "name": "Соленая пищ. рыбная продукция.Форель радужная с/с филе-кусок \"Артезианская\" Санта Бремор 150г",
            "mech": null,
            "img_link": "https://media.5ka.ru/media/products/4006166.jpg",
            "plu": 4006166,
            "promo": {
                "id": 1170494144,
                "date_begin": "2021-03-23",
                "date_end": "2021-03-29",
                "type": "",
                "description": "",
                "kind": "Z001",
                "expired_at": 3
            },
            "current_prices": {
                "price_reg__min": 229.99,
                "price_promo__min": 169.99
            },
            "store_name": null
        }
    ]
}