{
    "name": "Жевательная резинка",
    "code": "855",
    "products": [
        {
            "id": 11981,
            "name": "Dirol Colors XXL Жевательная резинка Ассорти фруктовых вкусов 19гр",
            "mech": null,
            "img_link": "https://media.5ka.ru/media/products/3612241.jpg",
            "plu": 3612241,
            "promo": {
                "id": 1163314563,
                "date_begin": "2021-02-28",
                "date_end": "2021-04-07",
                "type": "",
                "description": "",
                "kind": "Z011",
                "expired_at": 12
            },
            "current_prices": {
                "price_reg__min": 29.0,
                "price_promo__min": 19.99
            },
            "store_name": null
        },
        {
            "id": 11962,
            "name": "DIROL Жев.рез.X-FRESH АРБ.ЛЕД б/сах.16г",
            "mech": null,
            "img_link": "https://media.5ka.ru/media/products/3498786.jpg",
            "plu": 3498786,
            "promo": {
                "id": 1163314563,
                "date_begin": "2021-02-28",
                "date_end": "2021-04-07",
                "type": "",
                "description": "",
                "kind": "Z011",
                "expired_at": 12
            },
            "current_prices": {
                "price_reg__min": 35.0,
                "price_promo__min": 24.99
            },
            "store_name": null
        },
        {
            "id": 11963,
            "name": "DIROL Жев.рез.X-FRESH ЛЕД.МАНД.б/сах.16г",
            "mech": null,
            "img_link": "https://media.5ka.ru/media/products/3498787.jpg",
            "plu": 3498787,
            "promo": {
                "id": 1163314563,
                "date_begin": "2021-02-28",
                "date_end": "2021-04-07",
                "type": "",
                "description": "",
                "kind": "Z011",
                "expired_at": 12
            },
            "current_prices": {
                "price_reg__min": 35.0,
                "price_promo__min": 24.99
            },
            "store_name": null
        },
        {
            "id": 30501,
            "name": "ORBIT Жев.рез.БЕЛОСН.BUBBLEM.драже 20,4г",
            "mech": null,
            "img_link": "https://media.5ka.ru/media/products/3499538.jpg",
            "plu": 3499538,
            "promo": {
                "id": 1170494144,
                "date_begin": "2021-03-23",
                "date_end": "2021-03-29",
                "type": "",
                "description": "",
                "kind": "Z001",
                "expired_at": 3
            },
            "current_prices": {
                "price_reg__min": 39.0,
                "price_promo__min": 29.99
            },
            "store_name": null
        }
    ]
}