{
    "name": "Конфеты и наборы конфет",
    "code": "856",
    "products": [
        {
            "id": 11964,
            "name": "HALLS Карам.лед.мед/лимон 25г",
            "mech": null,
            "img_link": "https://media.5ka.ru/media/products/3498891.jpg",
            "plu": 3498891,
            "promo": {
                "id": 1163314563,
                "date_begin": "2021-02-28",
                "date_end": "2021-04-07",
                "type": "",
                "description": "",
                "kind": "Z011",
                "expired_at": 12
            },
            "current_prices": {
                "price_reg__min": 27.95,
                "price_promo__min": 19.99
            },
            "store_name": null
        },
        {
            "id": 11965,
            "name": "HALLS Карам.COLORS АССОРТИ лед.25г",
            "mech": null,
            "img_link": "https://media.5ka.ru/media/products/3498892.jpg",
            "plu": 3498892,
            "promo": {
                "id": 1163314563,
                "date_begin": "2021-02-28",
                "date_end": "2021-04-07",
                "type": "",
                "description": "",
                "kind": "Z011",
                "expired_at": 12
            },
            "current_prices": {
                "price_reg__min": 27.95,
                "price_promo__min": 19.99
            },
            "store_name": null
        },
        {
            "id": 11966,
            "name": "HALLS Карам.ОРИГ.лед.мент/эв25г",
            "mech": null,
            "img_link": "https://media.5ka.ru/media/products/3498894.jpg",
            "plu": 3498894,
            "promo": {
                "id": 1163314563,
                "date_begin": "2021-02-28",
                "date_end": "2021-04-07",
                "type": "",
                "description": "",
                "kind": "Z011",
                "expired_at": 12
            },
            "current_prices": {
                "price_reg__min": 27.95,
                "price_promo__min": 19.99
            },
            "store_name": null
        },
        {
            "id": 11967,
            "name": "HALLS Карам.МЕНТ.ЭКСТ.лед.мент/эвк.24,5г",
            "mech": null,
            "img_link": "https://media.5ka.ru/media/products/3498896.jpg",
            "plu": 3498896,
            "promo": {
                "id": 1163314563,
                "date_begin": "2021-02-28",
                "date_end": "2021-04-07",
                "type": "",
                "description": "",
                "kind": "Z011",
                "expired_at": 12
            },
            "current_prices": {
                "price_reg__min": 28.99,
                "price_promo__min": 19.99
            },
            "store_name": null
        },
        {
            "id": 18011,
            "name": "HALLS Конф.MINI MINTS б/сах.вк.мяты12,5г",
            "mech": null,
            "img_link": "https://media.5ka.ru/media/products/3680626.jpg",
            "plu": 3680626,
            "promo": {
                "id": 1163314563,
                "date_begin": "2021-02-28",
                "date_end": "2021-04-07",
                "type": "",
                "description": "",
                "kind": "Z011",
                "expired_at": 12
            },
            "current_prices": {
                "price_reg__min": 34.99,
                "price_promo__min": 29.99
            },
            "store_name": null
        },
        {
            "id": 18012,
            "name": "HALLS Конф.MINI MINTS б/сах.вк.арб.12,5г",
            "mech": null,
            "img_link": "https://media.5ka.ru/media/products/3680629.jpg",
            "plu": 3680629,
            "promo": {
                "id": 1163314563,
                "date_begin": "2021-02-28",
                "date_end": "2021-04-07",
                "type": "",
                "description": "",
                "kind": "Z011",
                "expired_at": 12
            },
            "current_prices": {
                "price_reg__min": 34.99,
                "price_promo__min": 29.99
            },
            "store_name": null
        },
        {
            "id": 18028,
            "name": "Конфеты без сахара HALLS MINI MINTS Цитрусовый пунш со вкусом цитрусовых фруктов 12,5г",
            "mech": null,
            "img_link": "https://media.5ka.ru/media/products/3956974.jpg",
            "plu": 3956974,
            "promo": {
                "id": 1163314563,
                "date_begin": "2021-02-28",
                "date_end": "2021-04-07",
                "type": "",
                "description": "",
                "kind": "Z011",
                "expired_at": 12
            },
            "current_prices": {
                "price_reg__min": 34.99,
                "price_promo__min": 29.99
            },
            "store_name": null
        },
        {
            "id": 18086,
            "name": "Ирис «МЕЛЛЕР» со вкусом солёной карамели, 38г",
            "mech": null,
            "img_link": "https://media.5ka.ru/media/products/4066665.jpg",
            "plu": 4066665,
            "promo": {
                "id": 1163314563,
                "date_begin": "2021-02-28",
                "date_end": "2021-04-07",
                "type": "",
                "description": "",
                "kind": "Z011",
                "expired_at": 12
            },
            "current_prices": {
                "price_reg__min": 40.49,
                "price_promo__min": 29.99
            },
            "store_name": null
        },
        {
            "id": 18033,
            "name": "Шарлиз Ирис тираженный \"Сливочный\" 200 г",
            "mech": null,
            "img_link": "https://media.5ka.ru/media/products/3972935.jpg",
            "plu": 3972935,
            "promo": {
                "id": 1163314563,
                "date_begin": "2021-02-28",
                "date_end": "2021-04-07",
                "type": "",
                "description": "",
                "kind": "Z011",
                "expired_at": 12
            },
            "current_prices": {
                "price_reg__min": 49.99,
                "price_promo__min": 39.99
            },
            "store_name": null
        },
        {
            "id": 26898,
            "name": "Конфета \"Merletto\" с нугой, карамелью и воздушным рисом, покрытая шоколадом 0,15 кг",
            "mech": null,
            "img_link": "https://media.5ka.ru/media/products/4024641.jpg",
            "plu": 4024641,
            "promo": {
                "id": 1165129725,
                "date_begin": "2021-03-07",
                "date_end": "2021-04-07",
                "type": "",
                "description": "",
                "kind": "Z011",
                "expired_at": 12
            },
            "current_prices": {
                "price_reg__min": 149.99,
                "price_promo__min": 79.99
            },
            "store_name": null
        },
        {
            "id": 18023,
            "name": "KITKAT. МОЛОЧНЫЙ ШОКОЛАД С ХРУСТЯЩЕЙ ВАФЛЕЙ 169 Г",
            "mech": null,
            "img_link": "https://media.5ka.ru/media/products/3937321.jpg",
            "plu": 3937321,
            "promo": {
                "id": 1163314563,
                "date_begin": "2021-02-28",
                "date_end": "2021-04-07",
                "type": "",
                "description": "",
                "kind": "Z011",
                "expired_at": 12
            },
            "current_prices": {
                "price_reg__min": 119.99,
                "price_promo__min": 89.99
            },
            "store_name": null
        },
        {
            "id": 26916,
            "name": "Родные просторы®. Конфеты с вафельной крошкой 180 г",
            "mech": null,
            "img_link": "https://media.5ka.ru/media/products/4063866.jpg",
            "plu": 4063866,
            "promo": {
                "id": 1165129725,
                "date_begin": "2021-03-07",
                "date_end": "2021-04-07",
                "type": "",
                "description": "",
                "kind": "Z011",
                "expired_at": 12
            },
            "current_prices": {
                "price_reg__min": 199.99,
                "price_promo__min": 99.99
            },
            "store_name": null
        },
        {
            "id": 30518,
            "name": "Конфеты Белочка, Бабаевский, 200 г",
            "mech": null,
            "img_link": "https://media.5ka.ru/media/products/3611868.jpg",
            "plu": 3611868,
            "promo": {
                "id": 1170494144,
                "date_begin": "2021-03-23",
                "date_end": "2021-03-29",
                "type": "",
                "description": "",
                "kind": "Z001",
                "expired_at": 3
            },
            "current_prices": {
                "price_reg__min": 141.09,
                "price_promo__min": 119.99
            },
            "store_name": null
        },
        {
            "id": 18046,
            "name": "Конфеты «Милка» из молочного шоколада с ореховой начинкой 110гр",
            "mech": null,
            "img_link": "https://media.5ka.ru/media/products/3992365.jpg",
            "plu": 3992365,
            "promo": {
                "id": 1163314563,
                "date_begin": "2021-02-28",
                "date_end": "2021-04-07",
                "type": "",
                "description": "",
                "kind": "Z011",
                "expired_at": 12
            },
            "current_prices": {
                "price_reg__min": 229.99,
                "price_promo__min": 139.99
            },
            "store_name": null
        },
        {
            "id": 26896,
            "name": "Конфеты глазированные Grondard «Марципан с вишневой начинкой» 140 г",
            "mech": null,
            "img_link": "https://media.5ka.ru/media/products/4022824.jpg",
            "plu": 4022824,
            "promo": {
                "id": 1165129725,
                "date_begin": "2021-03-07",
                "date_end": "2021-04-07",
                "type": "",
                "description": "",
                "kind": "Z011",
                "expired_at": 12
            },
            "current_prices": {
                "price_reg__min": 159.99,
                "price_promo__min": 139.99
            },
            "store_name": null
        },
        {
            "id": 30596,
            "name": "Конфеты желейные, лимон, Шарлиз, 1 кг",
            "mech": null,
            "img_link": "https://media.5ka.ru/media/products/3953485.jpg",
            "plu": 3953485,
            "promo": {
                "id": 1170494144,
                "date_begin": "2021-03-23",
                "date_end": "2021-03-29",
                "type": "",
                "description": "",
                "kind": "Z001",
                "expired_at": 3
            },
            "current_prices": {
                "price_reg__min": 179.99,
                "price_promo__min": 149.99
            },
            "store_name": null
        },
        {
            "id": 11885,
            "name": "Конфеты Озорная Пчелка, желейные, 1 кг",
            "mech": null,
            "img_link": "https://media.5ka.ru/media/products/3021051.jpg",
            "plu": 3021051,
            "promo": {
                "id": 1163314563,
                "date_begin": "2021-02-28",
                "date_end": "2021-04-07",
                "type": "",
                "description": "",
                "kind": "Z011",
                "expired_at": 12
            },
            "current_prices": {
                "price_reg__min": 179.0,
                "price_promo__min": 169.99
            },
            "store_name": null
        },
        {
            "id": 26874,
            "name": "Набор конфет Вдохновение, Трюфельный крем, 170 г",
            "mech": null,
            "img_link": "https://media.5ka.ru/media/products/3384697.jpg",
            "plu": 3384697,
            "promo": {
                "id": 1165129725,
                "date_begin": "2021-03-07",
                "date_end": "2021-04-07",
                "type": "",
                "description": "",
                "kind": "Z011",
                "expired_at": 12
            },
            "current_prices": {
                "price_reg__min": 209.0,
                "price_promo__min": 179.99
            },
            "store_name": null
        },
        {
            "id": 26880,
            "name": "DOVE Наб.шок.ДЕСЕРТНОЕ АССОРТИ 118г",
            "mech": null,
            "img_link": "https://media.5ka.ru/media/products/3483309.jpg",
            "plu": 3483309,
            "promo": {
                "id": 1165129725,
                "date_begin": "2021-03-07",
                "date_end": "2021-04-07",
                "type": "",
                "description": "",
                "kind": "Z011",
                "expired_at": 12
            },
            "current_prices": {
                "price_reg__min": 199.0,
                "price_promo__min": 179.99
            },
            "store_name": null
        },
        {
            "id": 26877,
            "name": "Конфеты Tofiffe, 250 г",
            "mech": null,
            "img_link": "https://media.5ka.ru/media/products/3468950.jpg",
            "plu": 3468950,
            "promo": {
                "id": 1165129725,
                "date_begin": "2021-03-07",
                "date_end": "2021-04-07",
                "type": "",
                "description": "",
                "kind": "Z011",
                "expired_at": 12
            },
            "current_prices": {
                "price_reg__min": 299.99,
                "price_promo__min": 199.99
            },
            "store_name": null
        },
        {
            "id": 18002,
            "name": "STORCK Наб.конф.MER.АС.шок.кр-фр.нач250г",
            "mech": null,
            "img_link": "https://media.5ka.ru/media/products/3659498.jpg",
            "plu": 3659498,
            "promo": {
                "id": 1163314563,
                "date_begin": "2021-02-28",
                "date_end": "2021-04-07",
                "type": "",
                "description": "",
                "kind": "Z011",
                "expired_at": 12
            },
            "current_prices": {
                "price_reg__min": 349.0,
                "price_promo__min": 219.99
            },
            "store_name": null
        },
        {
            "id": 26882,
            "name": "MERCI Наб.конф.АССОР.шок.с нач.и б/н250г",
            "mech": null,
            "img_link": "https://media.5ka.ru/media/products/3487673.jpg",
            "plu": 3487673,
            "promo": {
                "id": 1165129725,
                "date_begin": "2021-03-07",
                "date_end": "2021-04-07",
                "type": "",
                "description": "",
                "kind": "Z011",
                "expired_at": 12
            },
            "current_prices": {
                "price_reg__min": 379.99,
                "price_promo__min": 219.99
            },
            "store_name": null
        },
        {
            "id": 26883,
            "name": "КОРКУНОВ конф.АСС.мол.ц.фунд.ор.нач/др.фунд.темн.ор.нач/св.ор.нач.дробл.ваф192г",
            "mech": null,
            "img_link": "https://media.5ka.ru/media/products/3639113.jpg",
            "plu": 3639113,
            "promo": {
                "id": 1165129725,
                "date_begin": "2021-03-07",
                "date_end": "2021-04-07",
                "type": "",
                "description": "",
                "kind": "Z011",
                "expired_at": 12
            },
            "current_prices": {
                "price_reg__min": 299.0,
                "price_promo__min": 219.99
            },
            "store_name": null
        },
        {
            "id": 26887,
            "name": "STORCK Наб.конф.MER.АС.шок.нач.ш.мус210г",
            "mech": null,
            "img_link": "https://media.5ka.ru/media/products/3681522.jpg",
            "plu": 3681522,
            "promo": {
                "id": 1165129725,
                "date_begin": "2021-03-07",
                "date_end": "2021-04-07",
                "type": "",
                "description": "",
                "kind": "Z011",
                "expired_at": 12
            },
            "current_prices": {
                "price_reg__min": 349.99,
                "price_promo__min": 219.99
            },
            "store_name": null
        },
        {
            "id": 26889,
            "name": "Шок. кон. \"Ассорти\" А. Коркунов из мол. и тем. шок., с тем. и свет. орех. нач., мол. нач. со вк. штр.,др. фунд. и др. вафл. 192г",
            "mech": null,
            "img_link": "https://media.5ka.ru/media/products/3911678.jpg",
            "plu": 3911678,
            "promo": {
                "id": 1165129725,
                "date_begin": "2021-03-07",
                "date_end": "2021-04-07",
                "type": "",
                "description": "",
                "kind": "Z011",
                "expired_at": 12
            },
            "current_prices": {
                "price_reg__min": 338.99,
                "price_promo__min": 219.99
            },
            "store_name": null
        },
        {
            "id": 26918,
            "name": "Кол.шок.конф.Корк.Орех.из тем/мол.шок, с кар.грец.орех, минд/фунд, тем.орех.нач.со вкус.клен.сир/апел.свет.орех.нач.со вк.меда 192г",
            "mech": null,
            "img_link": "https://media.5ka.ru/media/products/4069805.jpg",
            "plu": 4069805,
            "promo": {
                "id": 1165129725,
                "date_begin": "2021-03-07",
                "date_end": "2021-04-07",
                "type": "",
                "description": "",
                "kind": "Z011",
                "expired_at": 12
            },
            "current_prices": {
                "price_reg__min": 419.99,
                "price_promo__min": 219.99
            },
            "store_name": null
        },
        {
            "id": 26884,
            "name": "Набор линдор. Ассорти конфет из шок с нежн, тающ нач., 125 г",
            "mech": null,
            "img_link": "https://media.5ka.ru/media/products/3642751.jpg",
            "plu": 3642751,
            "promo": {
                "id": 1165129725,
                "date_begin": "2021-03-07",
                "date_end": "2021-04-07",
                "type": "",
                "description": "",
                "kind": "Z011",
                "expired_at": 12
            },
            "current_prices": {
                "price_reg__min": 299.99,
                "price_promo__min": 239.99
            },
            "store_name": null
        },
        {
            "id": 26885,
            "name": "Набор линдор. Конфеты из молочн шок с нежн, тающ нач, 125 г",
            "mech": null,
            "img_link": "https://media.5ka.ru/media/products/3642752.jpg",
            "plu": 3642752,
            "promo": {
                "id": 1165129725,
                "date_begin": "2021-03-07",
                "date_end": "2021-04-07",
                "type": "",
                "description": "",
                "kind": "Z011",
                "expired_at": 12
            },
            "current_prices": {
                "price_reg__min": 248.99,
                "price_promo__min": 239.99
            },
            "store_name": null
        },
        {
            "id": 30600,
            "name": "Конфеты глазированные кондитерской глазурью с корпусами типа пралине\n«Батончики «Ореховая роща» 1кг",
            "mech": null,
            "img_link": "https://media.5ka.ru/media/products/3964564.jpg",
            "plu": 3964564,
            "promo": {
                "id": 1170494144,
                "date_begin": "2021-03-23",
                "date_end": "2021-03-29",
                "type": "",
                "description": "",
                "kind": "Z001",
                "expired_at": 3
            },
            "current_prices": {
                "price_reg__min": 299.99,
                "price_promo__min": 239.99
            },
            "store_name": null
        },
        {
            "id": 18119,
            "name": "Конфеты Райские Облака, суфле, 1 кг",
            "mech": null,
            "img_link": "https://media.5ka.ru/media/products/78005072.jpg",
            "plu": 78005072,
            "promo": {
                "id": 1163314563,
                "date_begin": "2021-02-28",
                "date_end": "2021-04-07",
                "type": "",
                "description": "",
                "kind": "Z011",
                "expired_at": 12
            },
            "current_prices": {
                "price_reg__min": 348.99,
                "price_promo__min": 249.99
            },
            "store_name": null
        },
        {
            "id": 18118,
            "name": "Конфеты Жаклин, со вкусом клубники, Славянка, 1 кг",
            "mech": null,
            "img_link": "https://media.5ka.ru/media/products/78004755.jpg",
            "plu": 78004755,
            "promo": {
                "id": 1163314563,
                "date_begin": "2021-02-28",
                "date_end": "2021-04-07",
                "type": "",
                "description": "",
                "kind": "Z011",
                "expired_at": 12
            },
            "current_prices": {
                "price_reg__min": 288.99,
                "price_promo__min": 259.99
            },
            "store_name": null
        },
        {
            "id": 11992,
            "name": "Конфеты \"Трюфель молочный\" 1кг",
            "mech": null,
            "img_link": "https://media.5ka.ru/media/products/3641772.jpg",
            "plu": 3641772,
            "promo": {
                "id": 1163314563,
                "date_begin": "2021-02-28",
                "date_end": "2021-04-07",
                "type": "",
                "description": "",
                "kind": "Z011",
                "expired_at": 12
            },
            "current_prices": {
                "price_reg__min": 520.99,
                "price_promo__min": 269.99
            },
            "store_name": null
        },
        {
            "id": 18029,
            "name": "KONFESTA глазированные конфеты с кокосовой начинкой 1 кг",
            "mech": null,
            "img_link": "https://media.5ka.ru/media/products/3962925.jpg",
            "plu": 3962925,
            "promo": {
                "id": 1163314563,
                "date_begin": "2021-02-28",
                "date_end": "2021-04-07",
                "type": "",
                "description": "",
                "kind": "Z011",
                "expired_at": 12
            },
            "current_prices": {
                "price_reg__min": 349.99,
                "price_promo__min": 269.99
            },
            "store_name": null
        },
        {
            "id": 30673,
            "name": "Конфеты с грильяжными корпусами глазированные \"Крокант\" 1 кг",
            "mech": null,
            "img_link": "https://media.5ka.ru/media/products/78001576.jpg",
            "plu": 78001576,
            "promo": {
                "id": 1170494144,
                "date_begin": "2021-03-23",
                "date_end": "2021-03-29",
                "type": "",
                "description": "",
                "kind": "Z001",
                "expired_at": 3
            },
            "current_prices": {
                "price_reg__min": 339.99,
                "price_promo__min": 279.99
            },
            "store_name": null
        },
        {
            "id": 30571,
            "name": "СЛАДУНИЦА Конф. НЯШ.к/к.мол.нач.негл.1кг",
            "mech": null,
            "img_link": "https://media.5ka.ru/media/products/3681424.jpg",
            "plu": 3681424,
            "promo": {
                "id": 1170494144,
                "date_begin": "2021-03-23",
                "date_end": "2021-03-29",
                "type": "",
                "description": "",
                "kind": "Z001",
                "expired_at": 3
            },
            "current_prices": {
                "price_reg__min": 369.99,
                "price_promo__min": 299.99
            },
            "store_name": null
        },
        {
            "id": 18042,
            "name": "Конфеты \"Сгущенка с кокосом\"  в шоколадной глазури 1кг",
            "mech": null,
            "img_link": "https://media.5ka.ru/media/products/3984791.jpg",
            "plu": 3984791,
            "promo": {
                "id": 1163314563,
                "date_begin": "2021-02-28",
                "date_end": "2021-04-07",
                "type": "",
                "description": "",
                "kind": "Z011",
                "expired_at": 12
            },
            "current_prices": {
                "price_reg__min": 585.99,
                "price_promo__min": 469.99
            },
            "store_name": null
        },
        {
            "id": 11834,
            "name": "Конфеты Мишка косолапый, Красный Октябрь, 1 кг",
            "mech": null,
            "img_link": "https://media.5ka.ru/media/products/1671.jpg",
            "plu": 1671,
            "promo": {
                "id": 1163314563,
                "date_begin": "2021-02-28",
                "date_end": "2021-04-07",
                "type": "",
                "description": "",
                "kind": "Z011",
                "expired_at": 12
            },
            "current_prices": {
                "price_reg__min": 579.0,
                "price_promo__min": 529.99
            },
            "store_name": null
        }
    ]
}