{
    "name": "Шоколад и шоколадные изделия",
    "code": "858",
    "products": [
        {
            "id": 30466,
            "name": "KIT KAT Шоколад мол.с хруст.вафлей 87г",
            "mech": null,
            "img_link": "https://media.5ka.ru/media/products/3445990.jpg",
            "plu": 3445990,
            "promo": {
                "id": 1170494144,
                "date_begin": "2021-03-23",
                "date_end": "2021-03-29",
                "type": "",
                "description": "",
                "kind": "Z001",
                "expired_at": 3
            },
            "current_prices": {
                "price_reg__min": 69.99,
                "price_promo__min": 34.9
            },
            "store_name": null
        },
        {
            "id": 30485,
            "name": "РОС-ЩЕД.ДУША Шоколад мол.карам/арах.90г",
            "mech": null,
            "img_link": "https://media.5ka.ru/media/products/3470562.jpg",
            "plu": 3470562,
            "promo": {
                "id": 1170494144,
                "date_begin": "2021-03-23",
                "date_end": "2021-03-29",
                "type": "",
                "description": "",
                "kind": "Z001",
                "expired_at": 3
            },
            "current_prices": {
                "price_reg__min": 59.0,
                "price_promo__min": 39.99
            },
            "store_name": null
        },
        {
            "id": 30503,
            "name": "РОС-ЩЕД.ДУША Шоколад мол.минд/ваф.90г",
            "mech": null,
            "img_link": "https://media.5ka.ru/media/products/3500492.jpg",
            "plu": 3500492,
            "promo": {
                "id": 1170494144,
                "date_begin": "2021-03-23",
                "date_end": "2021-03-29",
                "type": "",
                "description": "",
                "kind": "Z001",
                "expired_at": 3
            },
            "current_prices": {
                "price_reg__min": 59.0,
                "price_promo__min": 39.99
            },
            "store_name": null
        },
        {
            "id": 30504,
            "name": "РОС-ЩЕД.ДУША Шоколад мол.кок.ст/ваф.90г",
            "mech": null,
            "img_link": "https://media.5ka.ru/media/products/3500494.jpg",
            "plu": 3500494,
            "promo": {
                "id": 1170494144,
                "date_begin": "2021-03-23",
                "date_end": "2021-03-29",
                "type": "",
                "description": "",
                "kind": "Z001",
                "expired_at": 3
            },
            "current_prices": {
                "price_reg__min": 59.0,
                "price_promo__min": 39.99
            },
            "store_name": null
        },
        {
            "id": 30505,
            "name": "РОС-ЩЕД.ДУША Шоколад мол.90г",
            "mech": null,
            "img_link": "https://media.5ka.ru/media/products/3500495.jpg",
            "plu": 3500495,
            "promo": {
                "id": 1170494144,
                "date_begin": "2021-03-23",
                "date_end": "2021-03-29",
                "type": "",
                "description": "",
                "kind": "Z001",
                "expired_at": 3
            },
            "current_prices": {
                "price_reg__min": 59.0,
                "price_promo__min": 39.99
            },
            "store_name": null
        },
        {
            "id": 30536,
            "name": "Темный шоколад и белый шоколад с цедрой апельсина, 85 г",
            "mech": null,
            "img_link": "https://media.5ka.ru/media/products/3639551.jpg",
            "plu": 3639551,
            "promo": {
                "id": 1170494144,
                "date_begin": "2021-03-23",
                "date_end": "2021-03-29",
                "type": "",
                "description": "",
                "kind": "Z001",
                "expired_at": 3
            },
            "current_prices": {
                "price_reg__min": 69.99,
                "price_promo__min": 39.99
            },
            "store_name": null
        },
        {
            "id": 30538,
            "name": "«Россия» - Щедрая душа! Темный шоколад и белый шоколад с фундуком 85г",
            "mech": null,
            "img_link": "https://media.5ka.ru/media/products/3642596.jpg",
            "plu": 3642596,
            "promo": {
                "id": 1170494144,
                "date_begin": "2021-03-23",
                "date_end": "2021-03-29",
                "type": "",
                "description": "",
                "kind": "Z001",
                "expired_at": 3
            },
            "current_prices": {
                "price_reg__min": 69.99,
                "price_promo__min": 39.99
            },
            "store_name": null
        },
        {
            "id": 26895,
            "name": "Шоколад молочный \"Альпен Гольд\" с сушеным инжиром, кокосовой стружкой и соленым крекером, 85г",
            "mech": null,
            "img_link": "https://media.5ka.ru/media/products/4021002.jpg",
            "plu": 4021002,
            "promo": {
                "id": 1165129725,
                "date_begin": "2021-03-07",
                "date_end": "2021-04-07",
                "type": "",
                "description": "",
                "kind": "Z011",
                "expired_at": 12
            },
            "current_prices": {
                "price_reg__min": 74.99,
                "price_promo__min": 43.99
            },
            "store_name": null
        },
        {
            "id": 26904,
            "name": "Шоколад молочный Alpen Gold Альпен Гольд, 85г",
            "mech": null,
            "img_link": "https://media.5ka.ru/media/products/4053597.jpg",
            "plu": 4053597,
            "promo": {
                "id": 1165129725,
                "date_begin": "2021-03-07",
                "date_end": "2021-04-07",
                "type": "",
                "description": "",
                "kind": "Z011",
                "expired_at": 12
            },
            "current_prices": {
                "price_reg__min": 80.19,
                "price_promo__min": 43.99
            },
            "store_name": null
        },
        {
            "id": 26905,
            "name": "Шоколад молочный Alpen Gold Альпен Гольд с фундуком и изюмом, 85г",
            "mech": null,
            "img_link": "https://media.5ka.ru/media/products/4053732.jpg",
            "plu": 4053732,
            "promo": {
                "id": 1165129725,
                "date_begin": "2021-03-07",
                "date_end": "2021-04-07",
                "type": "",
                "description": "",
                "kind": "Z011",
                "expired_at": 12
            },
            "current_prices": {
                "price_reg__min": 87.49,
                "price_promo__min": 43.99
            },
            "store_name": null
        },
        {
            "id": 26906,
            "name": "Шоколад Alpen Gold, молочный с фундуком, 85 г",
            "mech": null,
            "img_link": "https://media.5ka.ru/media/products/4053758.jpg",
            "plu": 4053758,
            "promo": {
                "id": 1165129725,
                "date_begin": "2021-03-07",
                "date_end": "2021-04-07",
                "type": "",
                "description": "",
                "kind": "Z011",
                "expired_at": 12
            },
            "current_prices": {
                "price_reg__min": 79.99,
                "price_promo__min": 43.99
            },
            "store_name": null
        },
        {
            "id": 26907,
            "name": "Шоколад молочный Alpen Gold Альпен Гольд с арахисом и кукурузными хлопьями, 85г",
            "mech": null,
            "img_link": "https://media.5ka.ru/media/products/4053760.jpg",
            "plu": 4053760,
            "promo": {
                "id": 1165129725,
                "date_begin": "2021-03-07",
                "date_end": "2021-04-07",
                "type": "",
                "description": "",
                "kind": "Z011",
                "expired_at": 12
            },
            "current_prices": {
                "price_reg__min": 80.19,
                "price_promo__min": 43.99
            },
            "store_name": null
        },
        {
            "id": 26908,
            "name": "Шоколад молочный Alpen Gold Альпен Гольд с чернично-йогуртовой начинкой, 85г",
            "mech": null,
            "img_link": "https://media.5ka.ru/media/products/4053798.jpg",
            "plu": 4053798,
            "promo": {
                "id": 1165129725,
                "date_begin": "2021-03-07",
                "date_end": "2021-04-07",
                "type": "",
                "description": "",
                "kind": "Z011",
                "expired_at": 12
            },
            "current_prices": {
                "price_reg__min": 80.19,
                "price_promo__min": 43.99
            },
            "store_name": null
        },
        {
            "id": 26909,
            "name": "Шоколад молочный Alpen Gold Альпен Гольд с солёным арахисом и крекером, 85г",
            "mech": null,
            "img_link": "https://media.5ka.ru/media/products/4053799.jpg",
            "plu": 4053799,
            "promo": {
                "id": 1165129725,
                "date_begin": "2021-03-07",
                "date_end": "2021-04-07",
                "type": "",
                "description": "",
                "kind": "Z011",
                "expired_at": 12
            },
            "current_prices": {
                "price_reg__min": 80.19,
                "price_promo__min": 43.99
            },
            "store_name": null
        },
        {
            "id": 26910,
            "name": "Шоколад молочный Alpen Gold Альпен Гольд с соленым миндалем и карамелью, 85г",
            "mech": null,
            "img_link": "https://media.5ka.ru/media/products/4053800.jpg",
            "plu": 4053800,
            "promo": {
                "id": 1165129725,
                "date_begin": "2021-03-07",
                "date_end": "2021-04-07",
                "type": "",
                "description": "",
                "kind": "Z011",
                "expired_at": 12
            },
            "current_prices": {
                "price_reg__min": 87.49,
                "price_promo__min": 43.99
            },
            "store_name": null
        },
        {
            "id": 26911,
            "name": "Шоколад молочный Alpen Gold Альпен Гольд с начинкой со вкусом капучино, 85г",
            "mech": null,
            "img_link": "https://media.5ka.ru/media/products/4053801.jpg",
            "plu": 4053801,
            "promo": {
                "id": 1165129725,
                "date_begin": "2021-03-07",
                "date_end": "2021-04-07",
                "type": "",
                "description": "",
                "kind": "Z011",
                "expired_at": 12
            },
            "current_prices": {
                "price_reg__min": 74.99,
                "price_promo__min": 43.99
            },
            "store_name": null
        },
        {
            "id": 26912,
            "name": "Шоколад молочный Alpen Gold Альпен Гольд с клубнично-йогуртовой начинкой, 85г",
            "mech": null,
            "img_link": "https://media.5ka.ru/media/products/4053804.jpg",
            "plu": 4053804,
            "promo": {
                "id": 1165129725,
                "date_begin": "2021-03-07",
                "date_end": "2021-04-07",
                "type": "",
                "description": "",
                "kind": "Z011",
                "expired_at": 12
            },
            "current_prices": {
                "price_reg__min": 80.19,
                "price_promo__min": 43.99
            },
            "store_name": null
        },
        {
            "id": 26913,
            "name": "Шоколад белый Alpen Gold Альпен Гольд с миндалем и кокосовой стружкой, 85г",
            "mech": null,
            "img_link": "https://media.5ka.ru/media/products/4053806.jpg",
            "plu": 4053806,
            "promo": {
                "id": 1165129725,
                "date_begin": "2021-03-07",
                "date_end": "2021-04-07",
                "type": "",
                "description": "",
                "kind": "Z011",
                "expired_at": 12
            },
            "current_prices": {
                "price_reg__min": 87.49,
                "price_promo__min": 43.99
            },
            "store_name": null
        },
        {
            "id": 30481,
            "name": "Шоколад Воздушный, белый, пористый, 85 г",
            "mech": null,
            "img_link": "https://media.5ka.ru/media/products/3468716.jpg",
            "plu": 3468716,
            "promo": {
                "id": 1170494144,
                "date_begin": "2021-03-23",
                "date_end": "2021-03-29",
                "type": "",
                "description": "",
                "kind": "Z001",
                "expired_at": 3
            },
            "current_prices": {
                "price_reg__min": 64.95,
                "price_promo__min": 49.99
            },
            "store_name": null
        },
        {
            "id": 30482,
            "name": "Шоколад Воздушный, молочный, 85 г",
            "mech": null,
            "img_link": "https://media.5ka.ru/media/products/3468717.jpg",
            "plu": 3468717,
            "promo": {
                "id": 1170494144,
                "date_begin": "2021-03-23",
                "date_end": "2021-03-29",
                "type": "",
                "description": "",
                "kind": "Z001",
                "expired_at": 3
            },
            "current_prices": {
                "price_reg__min": 63.95,
                "price_promo__min": 49.99
            },
            "store_name": null
        },
        {
            "id": 11934,
            "name": "Шоколад Бабаевский, темный, с цельной карамелью и миндалем, 90 г",
            "mech": null,
            "img_link": "https://media.5ka.ru/media/products/3437462.jpg",
            "plu": 3437462,
            "promo": {
                "id": 1163314563,
                "date_begin": "2021-02-28",
                "date_end": "2021-04-07",
                "type": "",
                "description": "",
                "kind": "Z011",
                "expired_at": 12
            },
            "current_prices": {
                "price_reg__min": 79.9,
                "price_promo__min": 64.99
            },
            "store_name": null
        },
        {
            "id": 26900,
            "name": "KITKAT® SENSES® Rose Gold Edition. Taste of Strawberry. Белый шоколад со вкусом клубники и молочный шоколад с хрустящей вафлей, 112г",
            "mech": null,
            "img_link": "https://media.5ka.ru/media/products/4026328.jpg",
            "plu": 4026328,
            "promo": {
                "id": 1165129725,
                "date_begin": "2021-03-07",
                "date_end": "2021-04-07",
                "type": "",
                "description": "",
                "kind": "Z011",
                "expired_at": 12
            },
            "current_prices": {
                "price_reg__min": 129.99,
                "price_promo__min": 69.99
            },
            "store_name": null
        },
        {
            "id": 11869,
            "name": "SCHOGET.Шоколад АЛЬПИЙСК.мол.с фунд.100г",
            "mech": null,
            "img_link": "https://media.5ka.ru/media/products/2090982.jpg",
            "plu": 2090982,
            "promo": {
                "id": 1163314563,
                "date_begin": "2021-02-28",
                "date_end": "2021-04-07",
                "type": "",
                "description": "",
                "kind": "Z011",
                "expired_at": 12
            },
            "current_prices": {
                "price_reg__min": 99.99,
                "price_promo__min": 79.99
            },
            "store_name": null
        },
        {
            "id": 11870,
            "name": "SCHOGET.Шоколад ТРИЛОГИЯ 100г",
            "mech": null,
            "img_link": "https://media.5ka.ru/media/products/2096679.jpg",
            "plu": 2096679,
            "promo": {
                "id": 1163314563,
                "date_begin": "2021-02-28",
                "date_end": "2021-04-07",
                "type": "",
                "description": "",
                "kind": "Z011",
                "expired_at": 12
            },
            "current_prices": {
                "price_reg__min": 99.99,
                "price_promo__min": 79.99
            },
            "store_name": null
        },
        {
            "id": 26879,
            "name": "DOVE Шоколад молочный с цельн.фунд.90г",
            "mech": null,
            "img_link": "https://media.5ka.ru/media/products/3478918.jpg",
            "plu": 3478918,
            "promo": {
                "id": 1165129725,
                "date_begin": "2021-03-07",
                "date_end": "2021-04-07",
                "type": "",
                "description": "",
                "kind": "Z011",
                "expired_at": 12
            },
            "current_prices": {
                "price_reg__min": 99.0,
                "price_promo__min": 79.99
            },
            "store_name": null
        },
        {
            "id": 11929,
            "name": "Шоколад Аленка, молочный, Красный Октябрь, 200 г",
            "mech": null,
            "img_link": "https://media.5ka.ru/media/products/3426468.jpg",
            "plu": 3426468,
            "promo": {
                "id": 1163314563,
                "date_begin": "2021-02-28",
                "date_end": "2021-04-07",
                "type": "",
                "description": "",
                "kind": "Z011",
                "expired_at": 12
            },
            "current_prices": {
                "price_reg__min": 119.0,
                "price_promo__min": 99.99
            },
            "store_name": null
        },
        {
            "id": 26897,
            "name": "Горький шоколад А. Коркунов 70% какао, 90г",
            "mech": null,
            "img_link": "https://media.5ka.ru/media/products/4024458.jpg",
            "plu": 4024458,
            "promo": {
                "id": 1165129725,
                "date_begin": "2021-03-07",
                "date_end": "2021-04-07",
                "type": "",
                "description": "",
                "kind": "Z011",
                "expired_at": 12
            },
            "current_prices": {
                "price_reg__min": 149.99,
                "price_promo__min": 99.99
            },
            "store_name": null
        },
        {
            "id": 30646,
            "name": "Шоколад молочный Alpen Gold Альпен Гольд Максфан с фрукт.кусоч.со вкусом манго, ананаса, маракуйи, с шипучими рисовыми шар.150г",
            "mech": null,
            "img_link": "https://media.5ka.ru/media/products/4053537.jpg",
            "plu": 4053537,
            "promo": {
                "id": 1170494144,
                "date_begin": "2021-03-23",
                "date_end": "2021-03-29",
                "type": "",
                "description": "",
                "kind": "Z001",
                "expired_at": 3
            },
            "current_prices": {
                "price_reg__min": 158.99,
                "price_promo__min": 99.99
            },
            "store_name": null
        },
        {
            "id": 30647,
            "name": "Шоколад молочный Alpen Gold Альпен Гольд Максфан с фр-яг.кус.со вк.клубн, мал, черн, чер.смор,шип.рис.шар.,кус.кар., взрывн.карам.",
            "mech": null,
            "img_link": "https://media.5ka.ru/media/products/4053724.jpg",
            "plu": 4053724,
            "promo": {
                "id": 1170494144,
                "date_begin": "2021-03-23",
                "date_end": "2021-03-29",
                "type": "",
                "description": "",
                "kind": "Z001",
                "expired_at": 3
            },
            "current_prices": {
                "price_reg__min": 158.99,
                "price_promo__min": 99.99
            },
            "store_name": null
        },
        {
            "id": 30648,
            "name": "Шоколад молочный Alpen Gold Альпен Гольд Максфан с мармеладом со вкусом колы, попкорном и взрывной карамелью, 150г",
            "mech": null,
            "img_link": "https://media.5ka.ru/media/products/4053802.jpg",
            "plu": 4053802,
            "promo": {
                "id": 1170494144,
                "date_begin": "2021-03-23",
                "date_end": "2021-03-29",
                "type": "",
                "description": "",
                "kind": "Z001",
                "expired_at": 3
            },
            "current_prices": {
                "price_reg__min": 158.99,
                "price_promo__min": 99.99
            },
            "store_name": null
        },
        {
            "id": 30649,
            "name": "Шоколад молочный Alpen Gold Альпен Гольд Максфан со взрывной карамелью, мармеладом и печеньем, 150г",
            "mech": null,
            "img_link": "https://media.5ka.ru/media/products/4053803.jpg",
            "plu": 4053803,
            "promo": {
                "id": 1170494144,
                "date_begin": "2021-03-23",
                "date_end": "2021-03-29",
                "type": "",
                "description": "",
                "kind": "Z001",
                "expired_at": 3
            },
            "current_prices": {
                "price_reg__min": 158.99,
                "price_promo__min": 99.99
            },
            "store_name": null
        },
        {
            "id": 11979,
            "name": "Шоколад трюфельный, Коммунарка, 200 г",
            "mech": null,
            "img_link": "https://media.5ka.ru/media/products/3608921.jpg",
            "plu": 3608921,
            "promo": {
                "id": 1163314563,
                "date_begin": "2021-02-28",
                "date_end": "2021-04-07",
                "type": "",
                "description": "",
                "kind": "Z011",
                "expired_at": 12
            },
            "current_prices": {
                "price_reg__min": 148.99,
                "price_promo__min": 109.99
            },
            "store_name": null
        },
        {
            "id": 26899,
            "name": "KITKAT® SENSES® Rose Gold Edition. Taste of Strawberry. Белый шоколад со вкус.клубники и молочный шоколад с хрустящей вафлей 2х112г",
            "mech": null,
            "img_link": "https://media.5ka.ru/media/products/4026327.jpg",
            "plu": 4026327,
            "promo": {
                "id": 1165129725,
                "date_begin": "2021-03-07",
                "date_end": "2021-04-07",
                "type": "",
                "description": "",
                "kind": "Z011",
                "expired_at": 12
            },
            "current_prices": {
                "price_reg__min": 239.99,
                "price_promo__min": 129.99
            },
            "store_name": null
        },
        {
            "id": 11994,
            "name": "Шоколад Milka Oreo, молочный, 300 г",
            "mech": null,
            "img_link": "https://media.5ka.ru/media/products/3643945.jpg",
            "plu": 3643945,
            "promo": {
                "id": 1163314563,
                "date_begin": "2021-02-28",
                "date_end": "2021-04-07",
                "type": "",
                "description": "",
                "kind": "Z011",
                "expired_at": 12
            },
            "current_prices": {
                "price_reg__min": 278.99,
                "price_promo__min": 199.99
            },
            "store_name": null
        },
        {
            "id": 18019,
            "name": "Милка Шоколад молочный с шоколадной и молочной начинками и печеньем, 300 г",
            "mech": null,
            "img_link": "https://media.5ka.ru/media/products/3907200.jpg",
            "plu": 3907200,
            "promo": {
                "id": 1163314563,
                "date_begin": "2021-02-28",
                "date_end": "2021-04-07",
                "type": "",
                "description": "",
                "kind": "Z011",
                "expired_at": 12
            },
            "current_prices": {
                "price_reg__min": 278.99,
                "price_promo__min": 199.99
            },
            "store_name": null
        }
    ]
}