{
    "name": "Печенье, пряники, вафли",
    "code": "860",
    "products": [
        {
            "id": 5457,
            "name": "Изделия кондитерские мучные. Пирожные: БАТОНЧИК ГЛАЗИРОВАННЫЙ \"KIDDAY\"ассорти 40 гр",
            "mech": null,
            "img_link": "https://media.5ka.ru/media/products/4043596.jpg",
            "plu": 4043596,
            "promo": {
                "id": 1165120646,
                "date_begin": "2021-03-07",
                "date_end": "2021-04-03",
                "type": "",
                "description": "",
                "kind": "Z011",
                "expired_at": 8
            },
            "current_prices": {
                "price_reg__min": 24.9,
                "price_promo__min": 15.99
            },
            "store_name": null
        },
        {
            "id": 7792,
            "name": "Печенье сахарное \"Традиционное\" 290 гр",
            "mech": null,
            "img_link": "https://media.5ka.ru/media/products/3973180.jpg",
            "plu": 3973180,
            "promo": {
                "id": 1163236940,
                "date_begin": "2021-02-28",
                "date_end": "2021-04-03",
                "type": "",
                "description": "",
                "kind": "Z011",
                "expired_at": 8
            },
            "current_prices": {
                "price_reg__min": 36.99,
                "price_promo__min": 33.99
            },
            "store_name": null
        },
        {
            "id": 7759,
            "name": "Вафли Коровка, шоколадная начинка, 150 г",
            "mech": null,
            "img_link": "https://media.5ka.ru/media/products/3673372.jpg",
            "plu": 3673372,
            "promo": {
                "id": 1163236940,
                "date_begin": "2021-02-28",
                "date_end": "2021-04-03",
                "type": "",
                "description": "",
                "kind": "Z011",
                "expired_at": 8
            },
            "current_prices": {
                "price_reg__min": 44.99,
                "price_promo__min": 39.99
            },
            "store_name": null
        },
        {
            "id": 7765,
            "name": "Вафли Toreno, для торта, 125 г",
            "mech": null,
            "img_link": "https://media.5ka.ru/media/products/3687923.jpg",
            "plu": 3687923,
            "promo": {
                "id": 1163236940,
                "date_begin": "2021-02-28",
                "date_end": "2021-04-03",
                "type": "",
                "description": "",
                "kind": "Z011",
                "expired_at": 8
            },
            "current_prices": {
                "price_reg__min": 44.99,
                "price_promo__min": 39.99
            },
            "store_name": null
        },
        {
            "id": 7824,
            "name": "Печенье OREO с какао и начинкой со вкусом клубники, 95г",
            "mech": null,
            "img_link": "https://media.5ka.ru/media/products/4032483.jpg",
            "plu": 4032483,
            "promo": {
                "id": 1163236940,
                "date_begin": "2021-02-28",
                "date_end": "2021-04-03",
                "type": "",
                "description": "",
                "kind": "Z011",
                "expired_at": 8
            },
            "current_prices": {
                "price_reg__min": 56.99,
                "price_promo__min": 42.99
            },
            "store_name": null
        },
        {
            "id": 7714,
            "name": "ЛЮБЯТОВО Печенье ПОСТНОЕ затяж.300г",
            "mech": null,
            "img_link": "https://media.5ka.ru/media/products/3488053.jpg",
            "plu": 3488053,
            "promo": {
                "id": 1163236940,
                "date_begin": "2021-02-28",
                "date_end": "2021-04-03",
                "type": "",
                "description": "",
                "kind": "Z011",
                "expired_at": 8
            },
            "current_prices": {
                "price_reg__min": 59.99,
                "price_promo__min": 45.99
            },
            "store_name": null
        },
        {
            "id": 7691,
            "name": "ШАРЛИЗ Печенье НЕЖНОЕ СУФЛЕ 240г",
            "mech": null,
            "img_link": "https://media.5ka.ru/media/products/3438765.jpg",
            "plu": 3438765,
            "promo": {
                "id": 1163236940,
                "date_begin": "2021-02-28",
                "date_end": "2021-04-03",
                "type": "",
                "description": "",
                "kind": "Z011",
                "expired_at": 8
            },
            "current_prices": {
                "price_reg__min": 49.99,
                "price_promo__min": 47.99
            },
            "store_name": null
        },
        {
            "id": 7699,
            "name": "БИСКОТТИ Печенье ПОСТНЫЕ РОГАЛИКИ 120г",
            "mech": null,
            "img_link": "https://media.5ka.ru/media/products/3444932.jpg",
            "plu": 3444932,
            "promo": {
                "id": 1163236940,
                "date_begin": "2021-02-28",
                "date_end": "2021-04-03",
                "type": "",
                "description": "",
                "kind": "Z011",
                "expired_at": 8
            },
            "current_prices": {
                "price_reg__min": 60.99,
                "price_promo__min": 47.99
            },
            "store_name": null
        },
        {
            "id": 7609,
            "name": "Печенье постное \"ЮБИЛЕЙНОЕ\" 313г",
            "mech": null,
            "img_link": "https://media.5ka.ru/media/products/3618783.jpg",
            "plu": 3618783,
            "promo": {
                "id": 1163236939,
                "date_begin": "2021-02-28",
                "date_end": "2021-04-03",
                "type": "",
                "description": "",
                "kind": "Z011",
                "expired_at": 8
            },
            "current_prices": {
                "price_reg__min": 55.0,
                "price_promo__min": 48.99
            },
            "store_name": null
        },
        {
            "id": 7690,
            "name": "КОЛОМЕНСКОЕ Вафли с халвой 220г",
            "mech": null,
            "img_link": "https://media.5ka.ru/media/products/3432952.jpg",
            "plu": 3432952,
            "promo": {
                "id": 1163236940,
                "date_begin": "2021-02-28",
                "date_end": "2021-04-03",
                "type": "",
                "description": "",
                "kind": "Z011",
                "expired_at": 8
            },
            "current_prices": {
                "price_reg__min": 56.99,
                "price_promo__min": 51.99
            },
            "store_name": null
        },
        {
            "id": 30387,
            "name": "Вафли Яшкино  сгущенка 290г",
            "mech": null,
            "img_link": "https://media.5ka.ru/media/products/3141421.jpg",
            "plu": 3141421,
            "promo": {
                "id": 1170494144,
                "date_begin": "2021-03-23",
                "date_end": "2021-03-29",
                "type": "",
                "description": "",
                "kind": "Z001",
                "expired_at": 3
            },
            "current_prices": {
                "price_reg__min": 66.0,
                "price_promo__min": 54.99
            },
            "store_name": null
        },
        {
            "id": 7708,
            "name": "Трубочки, со сгущенным молоком, 400 г",
            "mech": null,
            "img_link": "https://media.5ka.ru/media/products/3469477.jpg",
            "plu": 3469477,
            "promo": {
                "id": 1163236940,
                "date_begin": "2021-02-28",
                "date_end": "2021-04-03",
                "type": "",
                "description": "",
                "kind": "Z011",
                "expired_at": 8
            },
            "current_prices": {
                "price_reg__min": 73.99,
                "price_promo__min": 62.99
            },
            "store_name": null
        },
        {
            "id": 7736,
            "name": "BELVITA Печенье УТРЕН.фунд/мед.вит.225г",
            "mech": null,
            "img_link": "https://media.5ka.ru/media/products/3632837.jpg",
            "plu": 3632837,
            "promo": {
                "id": 1163236940,
                "date_begin": "2021-02-28",
                "date_end": "2021-04-03",
                "type": "",
                "description": "",
                "kind": "Z011",
                "expired_at": 8
            },
            "current_prices": {
                "price_reg__min": 79.0,
                "price_promo__min": 64.99
            },
            "store_name": null
        },
        {
            "id": 7737,
            "name": "BELVITA Печенье УТРЕН.злак.хлоп.вит.225г",
            "mech": null,
            "img_link": "https://media.5ka.ru/media/products/3632838.jpg",
            "plu": 3632838,
            "promo": {
                "id": 1163236940,
                "date_begin": "2021-02-28",
                "date_end": "2021-04-03",
                "type": "",
                "description": "",
                "kind": "Z011",
                "expired_at": 8
            },
            "current_prices": {
                "price_reg__min": 79.0,
                "price_promo__min": 64.99
            },
            "store_name": null
        },
        {
            "id": 7707,
            "name": "Пряники классические, Хлебный дом, 500 г",
            "mech": null,
            "img_link": "https://media.5ka.ru/media/products/3469420.jpg",
            "plu": 3469420,
            "promo": {
                "id": 1163236940,
                "date_begin": "2021-02-28",
                "date_end": "2021-04-03",
                "type": "",
                "description": "",
                "kind": "Z011",
                "expired_at": 8
            },
            "current_prices": {
                "price_reg__min": 74.95,
                "price_promo__min": 67.99
            },
            "store_name": null
        },
        {
            "id": 30597,
            "name": "Печенье Юбилейное с цельнозерновыми злаками, 171 гр",
            "mech": null,
            "img_link": "https://media.5ka.ru/media/products/3958570.jpg",
            "plu": 3958570,
            "promo": {
                "id": 1170494144,
                "date_begin": "2021-03-23",
                "date_end": "2021-03-29",
                "type": "",
                "description": "",
                "kind": "Z001",
                "expired_at": 3
            },
            "current_prices": {
                "price_reg__min": 89.99,
                "price_promo__min": 69.99
            },
            "store_name": null
        },
        {
            "id": 30598,
            "name": "Печенье Юбилейное с цельнозерновыми злаками и с яблочными кусочками, 171 гр",
            "mech": null,
            "img_link": "https://media.5ka.ru/media/products/3958571.jpg",
            "plu": 3958571,
            "promo": {
                "id": 1170494144,
                "date_begin": "2021-03-23",
                "date_end": "2021-03-29",
                "type": "",
                "description": "",
                "kind": "Z001",
                "expired_at": 3
            },
            "current_prices": {
                "price_reg__min": 89.99,
                "price_promo__min": 69.99
            },
            "store_name": null
        },
        {
            "id": 7754,
            "name": "ESS.PROD.Вафли ВЕРТ-ВЕСН.вк.вар.сг.400г",
            "mech": null,
            "img_link": "https://media.5ka.ru/media/products/3668255.jpg",
            "plu": 3668255,
            "promo": {
                "id": 1163236940,
                "date_begin": "2021-02-28",
                "date_end": "2021-04-03",
                "type": "",
                "description": "",
                "kind": "Z011",
                "expired_at": 8
            },
            "current_prices": {
                "price_reg__min": 93.49,
                "price_promo__min": 74.99
            },
            "store_name": null
        },
        {
            "id": 7755,
            "name": "ESS.PROD.Вафли ВЕРТ-ВЕСН.вк.шок.400г",
            "mech": null,
            "img_link": "https://media.5ka.ru/media/products/3668256.jpg",
            "plu": 3668256,
            "promo": {
                "id": 1163236940,
                "date_begin": "2021-02-28",
                "date_end": "2021-04-03",
                "type": "",
                "description": "",
                "kind": "Z011",
                "expired_at": 8
            },
            "current_prices": {
                "price_reg__min": 93.49,
                "price_promo__min": 74.99
            },
            "store_name": null
        },
        {
            "id": 7610,
            "name": "Печенье Миндальное овсяное 270г",
            "mech": null,
            "img_link": "https://media.5ka.ru/media/products/3639541.jpg",
            "plu": 3639541,
            "promo": {
                "id": 1163236939,
                "date_begin": "2021-02-28",
                "date_end": "2021-04-03",
                "type": "",
                "description": "",
                "kind": "Z011",
                "expired_at": 8
            },
            "current_prices": {
                "price_reg__min": 99.0,
                "price_promo__min": 84.49
            },
            "store_name": null
        },
        {
            "id": 30545,
            "name": "Печенье купелька, Акульчев, 400 г",
            "mech": null,
            "img_link": "https://media.5ka.ru/media/products/3650632.jpg",
            "plu": 3650632,
            "promo": {
                "id": 1170494144,
                "date_begin": "2021-03-23",
                "date_end": "2021-03-29",
                "type": "",
                "description": "",
                "kind": "Z001",
                "expired_at": 3
            },
            "current_prices": {
                "price_reg__min": 99.99,
                "price_promo__min": 87.99
            },
            "store_name": null
        },
        {
            "id": 7611,
            "name": "MILKA Печенье с мол.нач.покр.м/шок.150г",
            "mech": null,
            "img_link": "https://media.5ka.ru/media/products/3656930.jpg",
            "plu": 3656930,
            "promo": {
                "id": 1163236939,
                "date_begin": "2021-02-28",
                "date_end": "2021-04-03",
                "type": "",
                "description": "",
                "kind": "Z011",
                "expired_at": 8
            },
            "current_prices": {
                "price_reg__min": 129.0,
                "price_promo__min": 109.99
            },
            "store_name": null
        },
        {
            "id": 7795,
            "name": "Печенье Orion, 360 г",
            "mech": null,
            "img_link": "https://media.5ka.ru/media/products/3978460.jpg",
            "plu": 3978460,
            "promo": {
                "id": 1163236940,
                "date_begin": "2021-02-28",
                "date_end": "2021-04-03",
                "type": "",
                "description": "",
                "kind": "Z011",
                "expired_at": 8
            },
            "current_prices": {
                "price_reg__min": 159.99,
                "price_promo__min": 125.99
            },
            "store_name": null
        },
        {
            "id": 7713,
            "name": "Печенье сдобное 400г",
            "mech": null,
            "img_link": "https://media.5ka.ru/media/products/3483849.jpg",
            "plu": 3483849,
            "promo": {
                "id": 1163236940,
                "date_begin": "2021-02-28",
                "date_end": "2021-04-03",
                "type": "",
                "description": "",
                "kind": "Z011",
                "expired_at": 8
            },
            "current_prices": {
                "price_reg__min": 279.0,
                "price_promo__min": 225.99
            },
            "store_name": null
        }
    ]
}