{
    "name": "Круассаны",
    "code": "863",
    "products": [
        {
            "id": 7769,
            "name": "Мини круассаны Шарлиз с кремом \"какао\", 200г",
            "mech": null,
            "img_link": "https://media.5ka.ru/media/products/3900907.jpg",
            "plu": 3900907,
            "promo": {
                "id": 1163236940,
                "date_begin": "2021-02-28",
                "date_end": "2021-04-03",
                "type": "",
                "description": "",
                "kind": "Z011",
                "expired_at": 8
            },
            "current_prices": {
                "price_reg__min": 44.99,
                "price_promo__min": 42.99
            },
            "store_name": null
        },
        {
            "id": 7770,
            "name": "Мини круассаны Шарлиз с кремом со вкусом \"ваниль\", 200г",
            "mech": null,
            "img_link": "https://media.5ka.ru/media/products/3900908.jpg",
            "plu": 3900908,
            "promo": {
                "id": 1163236940,
                "date_begin": "2021-02-28",
                "date_end": "2021-04-03",
                "type": "",
                "description": "",
                "kind": "Z011",
                "expired_at": 8
            },
            "current_prices": {
                "price_reg__min": 44.99,
                "price_promo__min": 42.99
            },
            "store_name": null
        },
        {
            "id": 7771,
            "name": "Мини круассаны Шарлиз с кремом со вкусом \"вареная сгущенка\", 200г",
            "mech": null,
            "img_link": "https://media.5ka.ru/media/products/3900909.jpg",
            "plu": 3900909,
            "promo": {
                "id": 1163236940,
                "date_begin": "2021-02-28",
                "date_end": "2021-04-03",
                "type": "",
                "description": "",
                "kind": "Z011",
                "expired_at": 8
            },
            "current_prices": {
                "price_reg__min": 44.99,
                "price_promo__min": 42.99
            },
            "store_name": null
        },
        {
            "id": 7772,
            "name": "Мини круассаны Шарлиз с начинкой \"клубника\", 200г",
            "mech": null,
            "img_link": "https://media.5ka.ru/media/products/3900912.jpg",
            "plu": 3900912,
            "promo": {
                "id": 1163236940,
                "date_begin": "2021-02-28",
                "date_end": "2021-04-03",
                "type": "",
                "description": "",
                "kind": "Z011",
                "expired_at": 8
            },
            "current_prices": {
                "price_reg__min": 44.99,
                "price_promo__min": 42.99
            },
            "store_name": null
        }
    ]
}