{
    "name": "Торты, кексы, рулеты и пирожные",
    "code": "866",
    "products": [
        {
            "id": 7721,
            "name": "Пирожное бисквитное Медвежонок Барни, вареная сгущенка, 150 г",
            "mech": null,
            "img_link": "https://media.5ka.ru/media/products/3603069.jpg",
            "plu": 3603069,
            "promo": {
                "id": 1163236940,
                "date_begin": "2021-02-28",
                "date_end": "2021-04-03",
                "type": "",
                "description": "",
                "kind": "Z011",
                "expired_at": 8
            },
            "current_prices": {
                "price_reg__min": 92.09,
                "price_promo__min": 74.99
            },
            "store_name": null
        },
        {
            "id": 5451,
            "name": "Пироженое Барни, клубника, 150 г",
            "mech": null,
            "img_link": "https://media.5ka.ru/media/products/3676974.jpg",
            "plu": 3676974,
            "promo": {
                "id": 1165120646,
                "date_begin": "2021-03-07",
                "date_end": "2021-04-03",
                "type": "",
                "description": "",
                "kind": "Z011",
                "expired_at": 8
            },
            "current_prices": {
                "price_reg__min": 92.09,
                "price_promo__min": 79.99
            },
            "store_name": null
        },
        {
            "id": 5452,
            "name": "Пирожное бисквитное с малиновой начинкой и начинкой со вкусом кокоса «Медвежонок Барни» ДУО, 150 гр",
            "mech": null,
            "img_link": "https://media.5ka.ru/media/products/3993218.jpg",
            "plu": 3993218,
            "promo": {
                "id": 1165120646,
                "date_begin": "2021-03-07",
                "date_end": "2021-04-03",
                "type": "",
                "description": "",
                "kind": "Z011",
                "expired_at": 8
            },
            "current_prices": {
                "price_reg__min": 109.99,
                "price_promo__min": 79.99
            },
            "store_name": null
        },
        {
            "id": 7797,
            "name": "Торт вафельный глазированный кондитерской глазурью с жировой начинкой \"Бабаевская Белочка\" с карамелизованными орехами, 250 гр",
            "mech": null,
            "img_link": "https://media.5ka.ru/media/products/3982417.jpg",
            "plu": 3982417,
            "promo": {
                "id": 1163236940,
                "date_begin": "2021-02-28",
                "date_end": "2021-04-03",
                "type": "",
                "description": "",
                "kind": "Z011",
                "expired_at": 8
            },
            "current_prices": {
                "price_reg__min": 119.99,
                "price_promo__min": 99.99
            },
            "store_name": null
        },
        {
            "id": 7829,
            "name": "Торт Наполеон, Русская Нива, 400 г",
            "mech": null,
            "img_link": "https://media.5ka.ru/media/products/4047688.jpg",
            "plu": 4047688,
            "promo": {
                "id": 1163236940,
                "date_begin": "2021-02-28",
                "date_end": "2021-04-03",
                "type": "",
                "description": "",
                "kind": "Z011",
                "expired_at": 8
            },
            "current_prices": {
                "price_reg__min": 197.99,
                "price_promo__min": 164.99
            },
            "store_name": null
        },
        {
            "id": 7625,
            "name": "Изделия кондитерские мучные десерт Профитроли 450г",
            "mech": null,
            "img_link": "https://media.5ka.ru/media/products/46917.jpg",
            "plu": 46917,
            "promo": {
                "id": 1163236940,
                "date_begin": "2021-02-28",
                "date_end": "2021-04-03",
                "type": "",
                "description": "",
                "kind": "Z011",
                "expired_at": 8
            },
            "current_prices": {
                "price_reg__min": 449.99,
                "price_promo__min": 399.99
            },
            "store_name": null
        },
        {
            "id": 7806,
            "name": "Изделие кондитер.: Десерт Тирамису т.м.Gildo Rachelli, 10% пласт. ванночка 500гр/4шт",
            "mech": null,
            "img_link": "https://media.5ka.ru/media/products/4002866.jpg",
            "plu": 4002866,
            "promo": {
                "id": 1163236940,
                "date_begin": "2021-02-28",
                "date_end": "2021-04-03",
                "type": "",
                "description": "",
                "kind": "Z011",
                "expired_at": 8
            },
            "current_prices": {
                "price_reg__min": 449.99,
                "price_promo__min": 399.99
            },
            "store_name": null
        }
    ]
}