{
    "name": "Восточные сладости, халва",
    "code": "868",
    "products": [
        {
            "id": 7739,
            "name": "ТИМОША чак-чак медовый 250 г",
            "mech": null,
            "img_link": "https://media.5ka.ru/media/products/3633540.jpg",
            "plu": 3633540,
            "promo": {
                "id": 1163236940,
                "date_begin": "2021-02-28",
                "date_end": "2021-04-03",
                "type": "",
                "description": "",
                "kind": "Z011",
                "expired_at": 8
            },
            "current_prices": {
                "price_reg__min": 94.99,
                "price_promo__min": 79.99
            },
            "store_name": null
        },
        {
            "id": 7773,
            "name": "Рахат-Лукум традиционный \"Джойко\" - 250 гр. 1/15",
            "mech": null,
            "img_link": "https://media.5ka.ru/media/products/3904365.jpg",
            "plu": 3904365,
            "promo": {
                "id": 1163236940,
                "date_begin": "2021-02-28",
                "date_end": "2021-04-03",
                "type": "",
                "description": "",
                "kind": "Z011",
                "expired_at": 8
            },
            "current_prices": {
                "price_reg__min": 159.99,
                "price_promo__min": 109.99
            },
            "store_name": null
        }
    ]
}