{
    "name": "Зефир, мармелад, пастила",
    "code": "869",
    "products": [
        {
            "id": 7835,
            "name": "Конфеты неглазированные MIXBAR \"Marshmallows\" 100 гр.",
            "mech": null,
            "img_link": "https://media.5ka.ru/media/products/4059074.jpg",
            "plu": 4059074,
            "promo": {
                "id": 1163236940,
                "date_begin": "2021-02-28",
                "date_end": "2021-04-03",
                "type": "",
                "description": "",
                "kind": "Z011",
                "expired_at": 8
            },
            "current_prices": {
                "price_reg__min": 49.99,
                "price_promo__min": 46.99
            },
            "store_name": null
        },
        {
            "id": 7741,
            "name": "Жевательный Мармелад \"Чупа Чупс\" \"SOUR TUBES\" с фруктовым вкусом 150г.",
            "mech": null,
            "img_link": "https://media.5ka.ru/media/products/3635491.jpg",
            "plu": 3635491,
            "promo": {
                "id": 1163236940,
                "date_begin": "2021-02-28",
                "date_end": "2021-04-03",
                "type": "",
                "description": "",
                "kind": "Z011",
                "expired_at": 8
            },
            "current_prices": {
                "price_reg__min": 79.99,
                "price_promo__min": 69.99
            },
            "store_name": null
        },
        {
            "id": 7818,
            "name": "LOVE IS воздушный зефир для десертов 125 г",
            "mech": null,
            "img_link": "https://media.5ka.ru/media/products/4024311.jpg",
            "plu": 4024311,
            "promo": {
                "id": 1163236940,
                "date_begin": "2021-02-28",
                "date_end": "2021-04-03",
                "type": "",
                "description": "",
                "kind": "Z011",
                "expired_at": 8
            },
            "current_prices": {
                "price_reg__min": 119.99,
                "price_promo__min": 69.99
            },
            "store_name": null
        },
        {
            "id": 7834,
            "name": "ТМ Шарлиз Конфеты неглазированные Marshmallows mini\" 150гр",
            "mech": null,
            "img_link": "https://media.5ka.ru/media/products/4059073.jpg",
            "plu": 4059073,
            "promo": {
                "id": 1163236940,
                "date_begin": "2021-02-28",
                "date_end": "2021-04-03",
                "type": "",
                "description": "",
                "kind": "Z011",
                "expired_at": 8
            },
            "current_prices": {
                "price_reg__min": 79.99,
                "price_promo__min": 69.99
            },
            "store_name": null
        },
        {
            "id": 7701,
            "name": "MARSHMAL.PREM.Изд.конд.МИНИ ФОРМ.БЕЛ200г",
            "mech": null,
            "img_link": "https://media.5ka.ru/media/products/3454215.jpg",
            "plu": 3454215,
            "promo": {
                "id": 1163236940,
                "date_begin": "2021-02-28",
                "date_end": "2021-04-03",
                "type": "",
                "description": "",
                "kind": "Z011",
                "expired_at": 8
            },
            "current_prices": {
                "price_reg__min": 129.99,
                "price_promo__min": 119.99
            },
            "store_name": null
        },
        {
            "id": 7746,
            "name": "Конфеты Sweet Time, мармеладные, 1 кг",
            "mech": null,
            "img_link": "https://media.5ka.ru/media/products/3652385.jpg",
            "plu": 3652385,
            "promo": {
                "id": 1163236940,
                "date_begin": "2021-02-28",
                "date_end": "2021-04-03",
                "type": "",
                "description": "",
                "kind": "Z011",
                "expired_at": 8
            },
            "current_prices": {
                "price_reg__min": 289.99,
                "price_promo__min": 224.99
            },
            "store_name": null
        }
    ]
}