{
    "name": "Орехи, сухофрукты и семечки",
    "code": "871",
    "products": [
        {
            "id": 30475,
            "name": "Семечки Богучарские, очищенные, 75 г",
            "mech": null,
            "img_link": "https://media.5ka.ru/media/products/3453003.jpg",
            "plu": 3453003,
            "promo": {
                "id": 1170494144,
                "date_begin": "2021-03-23",
                "date_end": "2021-03-29",
                "type": "",
                "description": "",
                "kind": "Z001",
                "expired_at": 3
            },
            "current_prices": {
                "price_reg__min": 24.95,
                "price_promo__min": 19.99
            },
            "store_name": null
        }
    ]
}