{
    "name": "Сухие завтраки, каши",
    "code": "876",
    "products": [
        {
            "id": 7823,
            "name": "Ухтышки Сухие завтраки глазированные Шарики со вкусом шоколада 250г",
            "mech": null,
            "img_link": "https://media.5ka.ru/media/products/4030128.jpg",
            "plu": 4030128,
            "promo": {
                "id": 1163236940,
                "date_begin": "2021-02-28",
                "date_end": "2021-04-03",
                "type": "",
                "description": "",
                "kind": "Z011",
                "expired_at": 8
            },
            "current_prices": {
                "price_reg__min": 64.99,
                "price_promo__min": 59.99
            },
            "store_name": null
        },
        {
            "id": 30551,
            "name": "Завтраки Любятово, кукурузные, 300 г",
            "mech": null,
            "img_link": "https://media.5ka.ru/media/products/3659060.jpg",
            "plu": 3659060,
            "promo": {
                "id": 1170494144,
                "date_begin": "2021-03-23",
                "date_end": "2021-03-29",
                "type": "",
                "description": "",
                "kind": "Z001",
                "expired_at": 3
            },
            "current_prices": {
                "price_reg__min": 61.99,
                "price_promo__min": 59.99
            },
            "store_name": null
        },
        {
            "id": 7740,
            "name": "Хлопья зерновые \"Мультизлаковые\" 1/250 ц/п (ТМ \"Любятово\")",
            "mech": null,
            "img_link": "https://media.5ka.ru/media/products/3635443.jpg",
            "plu": 3635443,
            "promo": {
                "id": 1163236940,
                "date_begin": "2021-02-28",
                "date_end": "2021-04-03",
                "type": "",
                "description": "",
                "kind": "Z011",
                "expired_at": 8
            },
            "current_prices": {
                "price_reg__min": 77.99,
                "price_promo__min": 69.99
            },
            "store_name": null
        },
        {
            "id": 7682,
            "name": "ОГО Завтраки МЮСЛИ зап.сух.с троп.фр350г",
            "mech": null,
            "img_link": "https://media.5ka.ru/media/products/3417240.jpg",
            "plu": 3417240,
            "promo": {
                "id": 1163236940,
                "date_begin": "2021-02-28",
                "date_end": "2021-04-03",
                "type": "",
                "description": "",
                "kind": "Z011",
                "expired_at": 8
            },
            "current_prices": {
                "price_reg__min": 89.0,
                "price_promo__min": 79.99
            },
            "store_name": null
        },
        {
            "id": 30613,
            "name": "Krosby UNICORN Rings Завтраки сухие экстузионные готовые, обогащенные витаминами и мин. веществами, глаз. \"колечки\", 250 гр",
            "mech": null,
            "img_link": "https://media.5ka.ru/media/products/4007613.jpg",
            "plu": 4007613,
            "promo": {
                "id": 1170494144,
                "date_begin": "2021-03-23",
                "date_end": "2021-03-29",
                "type": "",
                "description": "",
                "kind": "Z001",
                "expired_at": 3
            },
            "current_prices": {
                "price_reg__min": 99.99,
                "price_promo__min": 79.99
            },
            "store_name": null
        },
        {
            "id": 7652,
            "name": "AXA Мюсли медовые с ягодами 270г",
            "mech": null,
            "img_link": "https://media.5ka.ru/media/products/3224452.jpg",
            "plu": 3224452,
            "promo": {
                "id": 1163236940,
                "date_begin": "2021-02-28",
                "date_end": "2021-04-03",
                "type": "",
                "description": "",
                "kind": "Z011",
                "expired_at": 8
            },
            "current_prices": {
                "price_reg__min": 169.99,
                "price_promo__min": 129.99
            },
            "store_name": null
        },
        {
            "id": 7715,
            "name": "AXA Мюсли медов.шокол/орех 250г",
            "mech": null,
            "img_link": "https://media.5ka.ru/media/products/3492142.jpg",
            "plu": 3492142,
            "promo": {
                "id": 1163236940,
                "date_begin": "2021-02-28",
                "date_end": "2021-04-03",
                "type": "",
                "description": "",
                "kind": "Z011",
                "expired_at": 8
            },
            "current_prices": {
                "price_reg__min": 169.99,
                "price_promo__min": 129.99
            },
            "store_name": null
        }
    ]
}