{
    "name": "Чипсы и попкорн",
    "code": "878",
    "products": [
        {
            "id": 7786,
            "name": "Снеки хрустящие \"Луковые кольца Золотые\" со вкусом сметаны и лука, 100 гр",
            "mech": null,
            "img_link": "https://media.5ka.ru/media/products/3943730.jpg",
            "plu": 3943730,
            "promo": {
                "id": 1163236940,
                "date_begin": "2021-02-28",
                "date_end": "2021-04-03",
                "type": "",
                "description": "",
                "kind": "Z011",
                "expired_at": 8
            },
            "current_prices": {
                "price_reg__min": 51.49,
                "price_promo__min": 44.99
            },
            "store_name": null
        },
        {
            "id": 7702,
            "name": "DELICAD.Чипсы НАЧОС кукур.ориг.150г",
            "mech": null,
            "img_link": "https://media.5ka.ru/media/products/3463551.jpg",
            "plu": 3463551,
            "promo": {
                "id": 1163236940,
                "date_begin": "2021-02-28",
                "date_end": "2021-04-03",
                "type": "",
                "description": "",
                "kind": "Z011",
                "expired_at": 8
            },
            "current_prices": {
                "price_reg__min": 67.99,
                "price_promo__min": 59.99
            },
            "store_name": null
        },
        {
            "id": 7703,
            "name": "DELICAD.Чипсы НАЧОС кукур.с/вк.сыр 150г",
            "mech": null,
            "img_link": "https://media.5ka.ru/media/products/3463552.jpg",
            "plu": 3463552,
            "promo": {
                "id": 1163236940,
                "date_begin": "2021-02-28",
                "date_end": "2021-04-03",
                "type": "",
                "description": "",
                "kind": "Z011",
                "expired_at": 8
            },
            "current_prices": {
                "price_reg__min": 67.99,
                "price_promo__min": 59.99
            },
            "store_name": null
        },
        {
            "id": 7756,
            "name": "Чипсы Lays, лисички в сметане, 85 г",
            "mech": null,
            "img_link": "https://media.5ka.ru/media/products/3671742.jpg",
            "plu": 3671742,
            "promo": {
                "id": 1163236940,
                "date_begin": "2021-02-28",
                "date_end": "2021-04-03",
                "type": "",
                "description": "",
                "kind": "Z011",
                "expired_at": 8
            },
            "current_prices": {
                "price_reg__min": 69.99,
                "price_promo__min": 64.99
            },
            "store_name": null
        },
        {
            "id": 7757,
            "name": "LAYS Чипсы карт.со вкус.неж.сыр зел.85г",
            "mech": null,
            "img_link": "https://media.5ka.ru/media/products/3671743.jpg",
            "plu": 3671743,
            "promo": {
                "id": 1163236940,
                "date_begin": "2021-02-28",
                "date_end": "2021-04-03",
                "type": "",
                "description": "",
                "kind": "Z011",
                "expired_at": 8
            },
            "current_prices": {
                "price_reg__min": 69.99,
                "price_promo__min": 64.99
            },
            "store_name": null
        },
        {
            "id": 7781,
            "name": "Картофельные Чипсы Lay's со вкусом \"Королевский краб\" 85г",
            "mech": null,
            "img_link": "https://media.5ka.ru/media/products/3931228.jpg",
            "plu": 3931228,
            "promo": {
                "id": 1163236940,
                "date_begin": "2021-02-28",
                "date_end": "2021-04-03",
                "type": "",
                "description": "",
                "kind": "Z011",
                "expired_at": 8
            },
            "current_prices": {
                "price_reg__min": 74.99,
                "price_promo__min": 64.99
            },
            "store_name": null
        },
        {
            "id": 5453,
            "name": "Рисовые чипсы Pringles \"Asian Collection\" со вкусом \"Соуса барбекю терияки по-японски\", 160 гр",
            "mech": null,
            "img_link": "https://media.5ka.ru/media/products/3994660.jpg",
            "plu": 3994660,
            "promo": {
                "id": 1165120646,
                "date_begin": "2021-03-07",
                "date_end": "2021-04-03",
                "type": "",
                "description": "",
                "kind": "Z011",
                "expired_at": 8
            },
            "current_prices": {
                "price_reg__min": 199.99,
                "price_promo__min": 139.99
            },
            "store_name": null
        }
    ]
}