{
    "name": "Пироги, пирожки, выпечка, бисквиты",
    "code": "892",
    "products": [
        {
            "id": 29981,
            "name": "ХЛЕБ.ДОМ Кекс ЯГ.ЛУК.нач.черн/ежев.140г",
            "mech": null,
            "img_link": "https://media.5ka.ru/media/products/3661628.jpg",
            "plu": 3661628,
            "promo": {
                "id": 1170492820,
                "date_begin": "2021-03-23",
                "date_end": "2021-03-29",
                "type": "",
                "description": "",
                "kind": "Z001",
                "expired_at": 3
            },
            "current_prices": {
                "price_reg__min": 78.19,
                "price_promo__min": 62.99
            },
            "store_name": null
        },
        {
            "id": 29980,
            "name": "Кекс ЯГОДНОЕ ЛУКОШКО с вишней 140г",
            "mech": null,
            "img_link": "https://media.5ka.ru/media/products/95713.jpg",
            "plu": 95713,
            "promo": {
                "id": 1170492820,
                "date_begin": "2021-03-23",
                "date_end": "2021-03-29",
                "type": "",
                "description": "",
                "kind": "Z001",
                "expired_at": 3
            },
            "current_prices": {
                "price_reg__min": 79.99,
                "price_promo__min": 68.99
            },
            "store_name": null
        },
        {
            "id": 31399,
            "name": "Кекс ЯГОДНОЕ ЛУКОШКО клубн.140г",
            "mech": null,
            "img_link": "https://media.5ka.ru/media/products/43570.jpg",
            "plu": 43570,
            "promo": {
                "id": 1170495390,
                "date_begin": "2021-03-23",
                "date_end": "2021-03-29",
                "type": "",
                "description": "",
                "kind": "Z001",
                "expired_at": 3
            },
            "current_prices": {
                "price_reg__min": 92.49,
                "price_promo__min": 68.99
            },
            "store_name": null
        }
    ]
}