{
    "name": "Хлеб",
    "code": "895",
    "products": [
        {
            "id": 30603,
            "name": "Батон Звездный, Хлебный Дом, 350 г",
            "mech": null,
            "img_link": "https://media.5ka.ru/media/products/3985404.jpg",
            "plu": 3985404,
            "promo": {
                "id": 1170494144,
                "date_begin": "2021-03-23",
                "date_end": "2021-03-29",
                "type": "",
                "description": "",
                "kind": "Z001",
                "expired_at": 3
            },
            "current_prices": {
                "price_reg__min": 34.99,
                "price_promo__min": 27.99
            },
            "store_name": null
        }
    ]
}