{
    "name": "Соломка, крекеры, хлебные палочки",
    "code": "896",
    "products": [
        {
            "id": 5449,
            "name": "Крекер Tuc, пицца, 100 г",
            "mech": null,
            "img_link": "https://media.5ka.ru/media/products/3490862.jpg",
            "plu": 3490862,
            "promo": {
                "id": 1165120646,
                "date_begin": "2021-03-07",
                "date_end": "2021-04-03",
                "type": "",
                "description": "",
                "kind": "Z011",
                "expired_at": 8
            },
            "current_prices": {
                "price_reg__min": 47.95,
                "price_promo__min": 39.99
            },
            "store_name": null
        },
        {
            "id": 5454,
            "name": "Крекер \"TUC\" со вкусом \"Краб\" 100г",
            "mech": null,
            "img_link": "https://media.5ka.ru/media/products/4024592.jpg",
            "plu": 4024592,
            "promo": {
                "id": 1165120646,
                "date_begin": "2021-03-07",
                "date_end": "2021-04-03",
                "type": "",
                "description": "",
                "kind": "Z011",
                "expired_at": 8
            },
            "current_prices": {
                "price_reg__min": 59.98,
                "price_promo__min": 39.99
            },
            "store_name": null
        },
        {
            "id": 7653,
            "name": "Крекер Забавные животные 400г",
            "mech": null,
            "img_link": "https://media.5ka.ru/media/products/3238700.jpg",
            "plu": 3238700,
            "promo": {
                "id": 1163236940,
                "date_begin": "2021-02-28",
                "date_end": "2021-04-03",
                "type": "",
                "description": "",
                "kind": "Z011",
                "expired_at": 8
            },
            "current_prices": {
                "price_reg__min": 74.99,
                "price_promo__min": 57.59
            },
            "store_name": null
        }
    ]
}