{
    "name": "Сушки, баранки, бублики",
    "code": "897",
    "products": [
        {
            "id": 24090,
            "name": "Мини сушка Семейка Озби, ваниль, 150 г",
            "mech": null,
            "img_link": "https://media.5ka.ru/media/products/3474797.jpg",
            "plu": 3474797,
            "promo": {
                "id": 1171150647,
                "date_begin": "2021-03-23",
                "date_end": "2021-03-29",
                "type": "",
                "description": "",
                "kind": "Z001",
                "expired_at": 3
            },
            "current_prices": {
                "price_reg__min": 41.19,
                "price_promo__min": 39.99
            },
            "store_name": null
        }
    ]
}