{
    "name": "Сухарики",
    "code": "899",
    "products": [
        {
            "id": 30516,
            "name": "Сухарики-гренки ржано-пшеничные, 150гр. , со вкусом чеснока Три семерки.",
            "mech": null,
            "img_link": "https://media.5ka.ru/media/products/3611032.jpg",
            "plu": 3611032,
            "promo": {
                "id": 1170494144,
                "date_begin": "2021-03-23",
                "date_end": "2021-03-29",
                "type": "",
                "description": "",
                "kind": "Z001",
                "expired_at": 3
            },
            "current_prices": {
                "price_reg__min": 49.99,
                "price_promo__min": 41.99
            },
            "store_name": null
        }
    ]
}