{
    "name": "Какао и шоколад",
    "code": "903",
    "products": [
        {
            "id": 18010,
            "name": "УХТЫШКИ Какао-нап.раст.с витам.300г",
            "mech": null,
            "img_link": "https://media.5ka.ru/media/products/3677592.jpg",
            "plu": 3677592,
            "promo": {
                "id": 1163314563,
                "date_begin": "2021-02-28",
                "date_end": "2021-04-07",
                "type": "",
                "description": "",
                "kind": "Z011",
                "expired_at": 12
            },
            "current_prices": {
                "price_reg__min": 89.99,
                "price_promo__min": 79.99
            },
            "store_name": null
        }
    ]
}