{
    "name": "Кофе в зёрнах",
    "code": "904",
    "products": [
        {
            "id": 11977,
            "name": "Кофе Jacobs Monarch, Классический, в зернах, 230 г",
            "mech": null,
            "img_link": "https://media.5ka.ru/media/products/3607729.jpg",
            "plu": 3607729,
            "promo": {
                "id": 1163314563,
                "date_begin": "2021-02-28",
                "date_end": "2021-04-07",
                "type": "",
                "description": "",
                "kind": "Z011",
                "expired_at": 12
            },
            "current_prices": {
                "price_reg__min": 229.0,
                "price_promo__min": 159.99
            },
            "store_name": null
        },
        {
            "id": 11872,
            "name": "Кофе Paulig Classic, зерновой, 250 г",
            "mech": null,
            "img_link": "https://media.5ka.ru/media/products/2100060.jpg",
            "plu": 2100060,
            "promo": {
                "id": 1163314563,
                "date_begin": "2021-02-28",
                "date_end": "2021-04-07",
                "type": "",
                "description": "",
                "kind": "Z011",
                "expired_at": 12
            },
            "current_prices": {
                "price_reg__min": 165.05,
                "price_promo__min": 164.99
            },
            "store_name": null
        },
        {
            "id": 11849,
            "name": "LAVAZZA Кофе QUALITA ORO зер.в/у 250г",
            "mech": null,
            "img_link": "https://media.5ka.ru/media/products/45169.jpg",
            "plu": 45169,
            "promo": {
                "id": 1163314563,
                "date_begin": "2021-02-28",
                "date_end": "2021-04-07",
                "type": "",
                "description": "",
                "kind": "Z011",
                "expired_at": 12
            },
            "current_prices": {
                "price_reg__min": 359.99,
                "price_promo__min": 249.99
            },
            "store_name": null
        },
        {
            "id": 11996,
            "name": "Кофе Черная Карта, зерновой, 800 г",
            "mech": null,
            "img_link": "https://media.5ka.ru/media/products/3649043.jpg",
            "plu": 3649043,
            "promo": {
                "id": 1163314563,
                "date_begin": "2021-02-28",
                "date_end": "2021-04-07",
                "type": "",
                "description": "",
                "kind": "Z011",
                "expired_at": 12
            },
            "current_prices": {
                "price_reg__min": 499.99,
                "price_promo__min": 399.99
            },
            "store_name": null
        },
        {
            "id": 11950,
            "name": "AMBAS.Кофе NERO зер.1000г",
            "mech": null,
            "img_link": "https://media.5ka.ru/media/products/3472968.jpg",
            "plu": 3472968,
            "promo": {
                "id": 1163314563,
                "date_begin": "2021-02-28",
                "date_end": "2021-04-07",
                "type": "",
                "description": "",
                "kind": "Z011",
                "expired_at": 12
            },
            "current_prices": {
                "price_reg__min": 699.99,
                "price_promo__min": 439.99
            },
            "store_name": null
        },
        {
            "id": 11868,
            "name": "PAULIG Кофе ARABICA зер.1кг",
            "mech": null,
            "img_link": "https://media.5ka.ru/media/products/2073687.jpg",
            "plu": 2073687,
            "promo": {
                "id": 1163314563,
                "date_begin": "2021-02-28",
                "date_end": "2021-04-07",
                "type": "",
                "description": "",
                "kind": "Z011",
                "expired_at": 12
            },
            "current_prices": {
                "price_reg__min": 929.99,
                "price_promo__min": 669.99
            },
            "store_name": null
        }
    ]
}