{
    "name": "Молотый кофе",
    "code": "906",
    "products": [
        {
            "id": 30515,
            "name": "Кофе Jacobs Monarch, молотый, 70 г",
            "mech": null,
            "img_link": "https://media.5ka.ru/media/products/3607740.jpg",
            "plu": 3607740,
            "promo": {
                "id": 1170494144,
                "date_begin": "2021-03-23",
                "date_end": "2021-03-29",
                "type": "",
                "description": "",
                "kind": "Z001",
                "expired_at": 3
            },
            "current_prices": {
                "price_reg__min": 74.99,
                "price_promo__min": 59.99
            },
            "store_name": null
        },
        {
            "id": 11871,
            "name": "PAULIG Кофе CLASSIC мол.250г",
            "mech": null,
            "img_link": "https://media.5ka.ru/media/products/2100058.jpg",
            "plu": 2100058,
            "promo": {
                "id": 1163314563,
                "date_begin": "2021-02-28",
                "date_end": "2021-04-07",
                "type": "",
                "description": "",
                "kind": "Z011",
                "expired_at": 12
            },
            "current_prices": {
                "price_reg__min": 197.6,
                "price_promo__min": 164.99
            },
            "store_name": null
        },
        {
            "id": 30375,
            "name": "Кофе Jardin Colombia Supremo, молотый, 250 г",
            "mech": null,
            "img_link": "https://media.5ka.ru/media/products/2147888.jpg",
            "plu": 2147888,
            "promo": {
                "id": 1170494144,
                "date_begin": "2021-03-23",
                "date_end": "2021-03-29",
                "type": "",
                "description": "",
                "kind": "Z001",
                "expired_at": 3
            },
            "current_prices": {
                "price_reg__min": 325.0,
                "price_promo__min": 229.99
            },
            "store_name": null
        },
        {
            "id": 11854,
            "name": "LAVAZZA Кофе QUALITA ORO мол.в/у 250г",
            "mech": null,
            "img_link": "https://media.5ka.ru/media/products/72110.jpg",
            "plu": 72110,
            "promo": {
                "id": 1163314563,
                "date_begin": "2021-02-28",
                "date_end": "2021-04-07",
                "type": "",
                "description": "",
                "kind": "Z011",
                "expired_at": 12
            },
            "current_prices": {
                "price_reg__min": 299.0,
                "price_promo__min": 249.99
            },
            "store_name": null
        }
    ]
}