{
    "name": "Растворимый кофе",
    "code": "907",
    "products": [
        {
            "id": 11957,
            "name": "Кофе Nescafe Crema, растворимый, 95 г",
            "mech": null,
            "img_link": "https://media.5ka.ru/media/products/3485301.jpg",
            "plu": 3485301,
            "promo": {
                "id": 1163314563,
                "date_begin": "2021-02-28",
                "date_end": "2021-04-07",
                "type": "",
                "description": "",
                "kind": "Z011",
                "expired_at": 12
            },
            "current_prices": {
                "price_reg__min": 169.99,
                "price_promo__min": 129.99
            },
            "store_name": null
        },
        {
            "id": 18063,
            "name": "NESCAFE СLASSIC НАТУРАЛЬНЫЙ РАСТВОРИМЫЙ ПОРОШКООБРАЗНЫЙ КОФЕ С ДОБАВЛЕНИЕМ НАТУРАЛЬНОГО ЖАРЕНОГО МОЛОТОГО КОФЕ, 95г",
            "mech": null,
            "img_link": "https://media.5ka.ru/media/products/4035358.jpg",
            "plu": 4035358,
            "promo": {
                "id": 1163314563,
                "date_begin": "2021-02-28",
                "date_end": "2021-04-07",
                "type": "",
                "description": "",
                "kind": "Z011",
                "expired_at": 12
            },
            "current_prices": {
                "price_reg__min": 169.99,
                "price_promo__min": 129.99
            },
            "store_name": null
        },
        {
            "id": 11953,
            "name": "Кофе Grand Extra, растворимый, 90 г",
            "mech": null,
            "img_link": "https://media.5ka.ru/media/products/3481996.jpg",
            "plu": 3481996,
            "promo": {
                "id": 1163314563,
                "date_begin": "2021-02-28",
                "date_end": "2021-04-07",
                "type": "",
                "description": "",
                "kind": "Z011",
                "expired_at": 12
            },
            "current_prices": {
                "price_reg__min": 199.0,
                "price_promo__min": 139.99
            },
            "store_name": null
        },
        {
            "id": 24095,
            "name": "Кофе Nescafe Gold Crema, растворимый, 70 г",
            "mech": null,
            "img_link": "https://media.5ka.ru/media/products/3626895.jpg",
            "plu": 3626895,
            "promo": {
                "id": 1171150647,
                "date_begin": "2021-03-23",
                "date_end": "2021-03-29",
                "type": "",
                "description": "",
                "kind": "Z001",
                "expired_at": 3
            },
            "current_prices": {
                "price_reg__min": 179.99,
                "price_promo__min": 139.99
            },
            "store_name": null
        },
        {
            "id": 30446,
            "name": "Кофе Nescafe Gold, Barista, молотый в растворимом, 75 г",
            "mech": null,
            "img_link": "https://media.5ka.ru/media/products/3419750.jpg",
            "plu": 3419750,
            "promo": {
                "id": 1170494144,
                "date_begin": "2021-03-23",
                "date_end": "2021-03-29",
                "type": "",
                "description": "",
                "kind": "Z001",
                "expired_at": 3
            },
            "current_prices": {
                "price_reg__min": 189.0,
                "price_promo__min": 139.99
            },
            "store_name": null
        },
        {
            "id": 30552,
            "name": "Кофе Nescafe Gold, растворимый, 75 г",
            "mech": null,
            "img_link": "https://media.5ka.ru/media/products/3659359.jpg",
            "plu": 3659359,
            "promo": {
                "id": 1170494144,
                "date_begin": "2021-03-23",
                "date_end": "2021-03-29",
                "type": "",
                "description": "",
                "kind": "Z001",
                "expired_at": 3
            },
            "current_prices": {
                "price_reg__min": 179.99,
                "price_promo__min": 139.99
            },
            "store_name": null
        },
        {
            "id": 11988,
            "name": "Кофе Jacobs Millicano, растворимый, 75 г",
            "mech": null,
            "img_link": "https://media.5ka.ru/media/products/3636926.jpg",
            "plu": 3636926,
            "promo": {
                "id": 1163314563,
                "date_begin": "2021-02-28",
                "date_end": "2021-04-07",
                "type": "",
                "description": "",
                "kind": "Z011",
                "expired_at": 12
            },
            "current_prices": {
                "price_reg__min": 193.09,
                "price_promo__min": 149.99
            },
            "store_name": null
        },
        {
            "id": 11946,
            "name": "Кофе Gold Select, растворимый, Tchibo, 95 г",
            "mech": null,
            "img_link": "https://media.5ka.ru/media/products/3465384.jpg",
            "plu": 3465384,
            "promo": {
                "id": 1163314563,
                "date_begin": "2021-02-28",
                "date_end": "2021-04-07",
                "type": "",
                "description": "",
                "kind": "Z011",
                "expired_at": 12
            },
            "current_prices": {
                "price_reg__min": 209.0,
                "price_promo__min": 159.99
            },
            "store_name": null
        },
        {
            "id": 11889,
            "name": "Кофе Jardin Kenya Kilimanjaro, растворимый, 95 г",
            "mech": null,
            "img_link": "https://media.5ka.ru/media/products/3153782.jpg",
            "plu": 3153782,
            "promo": {
                "id": 1163314563,
                "date_begin": "2021-02-28",
                "date_end": "2021-04-07",
                "type": "",
                "description": "",
                "kind": "Z011",
                "expired_at": 12
            },
            "current_prices": {
                "price_reg__min": 264.99,
                "price_promo__min": 169.99
            },
            "store_name": null
        },
        {
            "id": 11901,
            "name": "Кофе растворимый натуральный сублимированный FRESCO ARABICA BLEND 100г",
            "mech": null,
            "img_link": "https://media.5ka.ru/media/products/3359687.jpg",
            "plu": 3359687,
            "promo": {
                "id": 1163314563,
                "date_begin": "2021-02-28",
                "date_end": "2021-04-07",
                "type": "",
                "description": "",
                "kind": "Z011",
                "expired_at": 12
            },
            "current_prices": {
                "price_reg__min": 319.99,
                "price_promo__min": 199.99
            },
            "store_name": null
        },
        {
            "id": 11949,
            "name": "ЧЕР.КАРТА Кофе EXCLUS.BRASILIA раст.150г",
            "mech": null,
            "img_link": "https://media.5ka.ru/media/products/3472967.jpg",
            "plu": 3472967,
            "promo": {
                "id": 1163314563,
                "date_begin": "2021-02-28",
                "date_end": "2021-04-07",
                "type": "",
                "description": "",
                "kind": "Z011",
                "expired_at": 12
            },
            "current_prices": {
                "price_reg__min": 319.99,
                "price_promo__min": 219.99
            },
            "store_name": null
        },
        {
            "id": 11961,
            "name": "Kофе Черная карта Gold, растворимый, 150 г",
            "mech": null,
            "img_link": "https://media.5ka.ru/media/products/3496293.jpg",
            "plu": 3496293,
            "promo": {
                "id": 1163314563,
                "date_begin": "2021-02-28",
                "date_end": "2021-04-07",
                "type": "",
                "description": "",
                "kind": "Z011",
                "expired_at": 12
            },
            "current_prices": {
                "price_reg__min": 309.99,
                "price_promo__min": 219.99
            },
            "store_name": null
        },
        {
            "id": 30534,
            "name": "Кофе Jacobs Millicano, растворимый, 95 г",
            "mech": null,
            "img_link": "https://media.5ka.ru/media/products/3636923.jpg",
            "plu": 3636923,
            "promo": {
                "id": 1170494144,
                "date_begin": "2021-03-23",
                "date_end": "2021-03-29",
                "type": "",
                "description": "",
                "kind": "Z001",
                "expired_at": 3
            },
            "current_prices": {
                "price_reg__min": 319.0,
                "price_promo__min": 219.99
            },
            "store_name": null
        },
        {
            "id": 11907,
            "name": "Кофе Jacobs Monarch Intense, растворимый, 150 г",
            "mech": null,
            "img_link": "https://media.5ka.ru/media/products/3372172.jpg",
            "plu": 3372172,
            "promo": {
                "id": 1163314563,
                "date_begin": "2021-02-28",
                "date_end": "2021-04-07",
                "type": "",
                "description": "",
                "kind": "Z011",
                "expired_at": 12
            },
            "current_prices": {
                "price_reg__min": 379.99,
                "price_promo__min": 244.99
            },
            "store_name": null
        },
        {
            "id": 30621,
            "name": "Кофе Nescafe Classic, растворимый, 230 г",
            "mech": null,
            "img_link": "https://media.5ka.ru/media/products/4035361.jpg",
            "plu": 4035361,
            "promo": {
                "id": 1170494144,
                "date_begin": "2021-03-23",
                "date_end": "2021-03-29",
                "type": "",
                "description": "",
                "kind": "Z001",
                "expired_at": 3
            },
            "current_prices": {
                "price_reg__min": 399.99,
                "price_promo__min": 279.99
            },
            "store_name": null
        },
        {
            "id": 24091,
            "name": "Кофе Jacobs Monarch, растворимый, 240 г",
            "mech": null,
            "img_link": "https://media.5ka.ru/media/products/3488345.jpg",
            "plu": 3488345,
            "promo": {
                "id": 1171150647,
                "date_begin": "2021-03-23",
                "date_end": "2021-03-29",
                "type": "",
                "description": "",
                "kind": "Z001",
                "expired_at": 3
            },
            "current_prices": {
                "price_reg__min": 485.0,
                "price_promo__min": 299.99
            },
            "store_name": null
        },
        {
            "id": 28242,
            "name": "NESCAFE Кофе GOLD нат.рас.доб.мол.ст/б 190г",
            "mech": null,
            "img_link": "https://media.5ka.ru/media/products/3658915.jpg",
            "plu": 3658915,
            "promo": {
                "id": 1170469267,
                "date_begin": "2021-03-23",
                "date_end": "2021-03-29",
                "type": "",
                "description": "",
                "kind": "Z001",
                "expired_at": 3
            },
            "current_prices": {
                "price_reg__min": 499.99,
                "price_promo__min": 329.99
            },
            "store_name": null
        }
    ]
}