{
    "name": "Травяной чай",
    "code": "908",
    "products": [
        {
            "id": 11990,
            "name": "Чай Доброе утро, черный с травами, 75 г",
            "mech": null,
            "img_link": "https://media.5ka.ru/media/products/3639871.jpg",
            "plu": 3639871,
            "promo": {
                "id": 1163314563,
                "date_begin": "2021-02-28",
                "date_end": "2021-04-07",
                "type": "",
                "description": "",
                "kind": "Z011",
                "expired_at": 12
            },
            "current_prices": {
                "price_reg__min": 53.0,
                "price_promo__min": 49.99
            },
            "store_name": null
        },
        {
            "id": 30569,
            "name": "GREENF.Нап.чайн.СПИР.МАТЭ ар.л/гр25х1,5г",
            "mech": null,
            "img_link": "https://media.5ka.ru/media/products/3679799.jpg",
            "plu": 3679799,
            "promo": {
                "id": 1170494144,
                "date_begin": "2021-03-23",
                "date_end": "2021-03-29",
                "type": "",
                "description": "",
                "kind": "Z001",
                "expired_at": 3
            },
            "current_prices": {
                "price_reg__min": 99.99,
                "price_promo__min": 74.99
            },
            "store_name": null
        }
    ]
}