{
    "name": "Чай ассорти",
    "code": "909",
    "products": [
        {
            "id": 11971,
            "name": "Dessert Tea Collection' Коллекция Чая с десертными вкусами - Чайное ассорти Curtis /Набор чая Curtis в сашетах 58,5г сашет",
            "mech": null,
            "img_link": "https://media.5ka.ru/media/products/3601193.jpg",
            "plu": 3601193,
            "promo": {
                "id": 1163314563,
                "date_begin": "2021-02-28",
                "date_end": "2021-04-07",
                "type": "",
                "description": "",
                "kind": "Z011",
                "expired_at": 12
            },
            "current_prices": {
                "price_reg__min": 239.0,
                "price_promo__min": 179.99
            },
            "store_name": null
        },
        {
            "id": 18007,
            "name": "Набор чая Maitre DT, 120 г",
            "mech": null,
            "img_link": "https://media.5ka.ru/media/products/3671645.jpg",
            "plu": 3671645,
            "promo": {
                "id": 1163314563,
                "date_begin": "2021-02-28",
                "date_end": "2021-04-07",
                "type": "",
                "description": "",
                "kind": "Z011",
                "expired_at": 12
            },
            "current_prices": {
                "price_reg__min": 279.99,
                "price_promo__min": 199.99
            },
            "store_name": null
        }
    ]
}