{
    "name": "Зелёный чай",
    "code": "910",
    "products": [
        {
            "id": 18094,
            "name": "ЧАЙ ЗЕЛЕНЫЙ КИТАЙСКИЙ С ЖАСМИНОМ « GREEN TEA JASMINE Blossom» \"ASSAND\" 25х2г",
            "mech": null,
            "img_link": "https://media.5ka.ru/media/products/4074015.jpg",
            "plu": 4074015,
            "promo": {
                "id": 1163314563,
                "date_begin": "2021-02-28",
                "date_end": "2021-04-07",
                "type": "",
                "description": "",
                "kind": "Z011",
                "expired_at": 12
            },
            "current_prices": {
                "price_reg__min": 63.99,
                "price_promo__min": 59.99
            },
            "store_name": null
        },
        {
            "id": 11954,
            "name": "CURTIS Чай HUGO COCKT.зел.ар.пир.20х1,8г",
            "mech": null,
            "img_link": "https://media.5ka.ru/media/products/3482097.jpg",
            "plu": 3482097,
            "promo": {
                "id": 1163314563,
                "date_begin": "2021-02-28",
                "date_end": "2021-04-07",
                "type": "",
                "description": "",
                "kind": "Z011",
                "expired_at": 12
            },
            "current_prices": {
                "price_reg__min": 86.99,
                "price_promo__min": 65.99
            },
            "store_name": null
        },
        {
            "id": 11959,
            "name": "CURTIS Чай DEL.MANGO зел.лист.пир20х1,8г",
            "mech": null,
            "img_link": "https://media.5ka.ru/media/products/3495758.jpg",
            "plu": 3495758,
            "promo": {
                "id": 1163314563,
                "date_begin": "2021-02-28",
                "date_end": "2021-04-07",
                "type": "",
                "description": "",
                "kind": "Z011",
                "expired_at": 12
            },
            "current_prices": {
                "price_reg__min": 89.0,
                "price_promo__min": 65.99
            },
            "store_name": null
        }
    ]
}