{
    "name": "Чёрный чай",
    "code": "912",
    "products": [
        {
            "id": 11986,
            "name": "Чай Bernley, черный, 25х2 г",
            "mech": null,
            "img_link": "https://media.5ka.ru/media/products/3634052.jpg",
            "plu": 3634052,
            "promo": {
                "id": 1163314563,
                "date_begin": "2021-02-28",
                "date_end": "2021-04-07",
                "type": "",
                "description": "",
                "kind": "Z011",
                "expired_at": 12
            },
            "current_prices": {
                "price_reg__min": 64.99,
                "price_promo__min": 44.99
            },
            "store_name": null
        },
        {
            "id": 11969,
            "name": "Чай черный (Ч) \"Краснодарскiй с 1901 года\" 25 шт. по 1,7г/24",
            "mech": null,
            "img_link": "https://media.5ka.ru/media/products/3600100.jpg",
            "plu": 3600100,
            "promo": {
                "id": 1163314563,
                "date_begin": "2021-02-28",
                "date_end": "2021-04-07",
                "type": "",
                "description": "",
                "kind": "Z011",
                "expired_at": 12
            },
            "current_prices": {
                "price_reg__min": 59.99,
                "price_promo__min": 49.99
            },
            "store_name": null
        },
        {
            "id": 30483,
            "name": "AHM.TEA Чай КЛАССИЧЕСКИЙ чер.пак.25х2г",
            "mech": null,
            "img_link": "https://media.5ka.ru/media/products/3470341.jpg",
            "plu": 3470341,
            "promo": {
                "id": 1170494144,
                "date_begin": "2021-03-23",
                "date_end": "2021-03-29",
                "type": "",
                "description": "",
                "kind": "Z001",
                "expired_at": 3
            },
            "current_prices": {
                "price_reg__min": 56.95,
                "price_promo__min": 54.99
            },
            "store_name": null
        },
        {
            "id": 30631,
            "name": "Чай черный Lipton \"Баланс и спокойствие\" с черной смородиной и листьями мяты 25х1,5, Нетто 37,5Г",
            "mech": null,
            "img_link": "https://media.5ka.ru/media/products/4042419.jpg",
            "plu": 4042419,
            "promo": {
                "id": 1170494144,
                "date_begin": "2021-03-23",
                "date_end": "2021-03-29",
                "type": "",
                "description": "",
                "kind": "Z001",
                "expired_at": 3
            },
            "current_prices": {
                "price_reg__min": 79.99,
                "price_promo__min": 54.99
            },
            "store_name": null
        },
        {
            "id": 30544,
            "name": "Чай Азерчай, букет, черный, 25х2 г",
            "mech": null,
            "img_link": "https://media.5ka.ru/media/products/3649730.jpg",
            "plu": 3649730,
            "promo": {
                "id": 1170494144,
                "date_begin": "2021-03-23",
                "date_end": "2021-03-29",
                "type": "",
                "description": "",
                "kind": "Z001",
                "expired_at": 3
            },
            "current_prices": {
                "price_reg__min": 79.99,
                "price_promo__min": 59.99
            },
            "store_name": null
        },
        {
            "id": 11997,
            "name": "Blue Berries Blues черный аромат. Лист. чай с черной смор., ежевикой, черникой и лепест. цветков василька в пирам. 20 X 1.8 г",
            "mech": null,
            "img_link": "https://media.5ka.ru/media/products/3650482.jpg",
            "plu": 3650482,
            "promo": {
                "id": 1163314563,
                "date_begin": "2021-02-28",
                "date_end": "2021-04-07",
                "type": "",
                "description": "",
                "kind": "Z011",
                "expired_at": 12
            },
            "current_prices": {
                "price_reg__min": 89.0,
                "price_promo__min": 65.99
            },
            "store_name": null
        },
        {
            "id": 26870,
            "name": "Чай Champion, черный, 100 г",
            "mech": null,
            "img_link": "https://media.5ka.ru/media/products/2042286.jpg",
            "plu": 2042286,
            "promo": {
                "id": 1165129725,
                "date_begin": "2021-03-07",
                "date_end": "2021-04-07",
                "type": "",
                "description": "",
                "kind": "Z011",
                "expired_at": 12
            },
            "current_prices": {
                "price_reg__min": 129.99,
                "price_promo__min": 99.99
            },
            "store_name": null
        },
        {
            "id": 26914,
            "name": "АЗЕРЧАЙ Чай черный байх. с ароматом бергамота (эрл грей) Premium collection в/с 100гр",
            "mech": null,
            "img_link": "https://media.5ka.ru/media/products/4062548.jpg",
            "plu": 4062548,
            "promo": {
                "id": 1165129725,
                "date_begin": "2021-03-07",
                "date_end": "2021-04-07",
                "type": "",
                "description": "",
                "kind": "Z011",
                "expired_at": 12
            },
            "current_prices": {
                "price_reg__min": 149.99,
                "price_promo__min": 99.99
            },
            "store_name": null
        },
        {
            "id": 11831,
            "name": "Принцесса НУРИ Завтрак в Бенгалии (2гх100п) чай байховый пак.черн.",
            "mech": null,
            "img_link": "https://media.5ka.ru/media/products/3950803.jpg",
            "plu": 3950803,
            "promo": {
                "id": 1163314560,
                "date_begin": "2021-02-28",
                "date_end": "2021-04-07",
                "type": "",
                "description": "",
                "kind": "Z011",
                "expired_at": 12
            },
            "current_prices": {
                "price_reg__min": 199.99,
                "price_promo__min": 134.99
            },
            "store_name": null
        },
        {
            "id": 11947,
            "name": "TESS Чай ПЛЭЖА чер.аром.троп.фр.200г",
            "mech": null,
            "img_link": "https://media.5ka.ru/media/products/3472456.jpg",
            "plu": 3472456,
            "promo": {
                "id": 1163314563,
                "date_begin": "2021-02-28",
                "date_end": "2021-04-07",
                "type": "",
                "description": "",
                "kind": "Z011",
                "expired_at": 12
            },
            "current_prices": {
                "price_reg__min": 169.99,
                "price_promo__min": 139.99
            },
            "store_name": null
        },
        {
            "id": 11987,
            "name": "Чай Bernley, черный, 100х2 г",
            "mech": null,
            "img_link": "https://media.5ka.ru/media/products/3635756.jpg",
            "plu": 3635756,
            "promo": {
                "id": 1163314563,
                "date_begin": "2021-02-28",
                "date_end": "2021-04-07",
                "type": "",
                "description": "",
                "kind": "Z011",
                "expired_at": 12
            },
            "current_prices": {
                "price_reg__min": 219.99,
                "price_promo__min": 144.99
            },
            "store_name": null
        },
        {
            "id": 30422,
            "name": "GREENF.Чай ЭРЛ ГРЕЙ ФЭНТАЗИ чер.лист200г",
            "mech": null,
            "img_link": "https://media.5ka.ru/media/products/3378317.jpg",
            "plu": 3378317,
            "promo": {
                "id": 1170494144,
                "date_begin": "2021-03-23",
                "date_end": "2021-03-29",
                "type": "",
                "description": "",
                "kind": "Z001",
                "expired_at": 3
            },
            "current_prices": {
                "price_reg__min": 189.0,
                "price_promo__min": 159.99
            },
            "store_name": null
        },
        {
            "id": 11970,
            "name": "Чай Краснодарский с 1901 г, черный, 200 г",
            "mech": null,
            "img_link": "https://media.5ka.ru/media/products/3600180.jpg",
            "plu": 3600180,
            "promo": {
                "id": 1163314563,
                "date_begin": "2021-02-28",
                "date_end": "2021-04-07",
                "type": "",
                "description": "",
                "kind": "Z011",
                "expired_at": 12
            },
            "current_prices": {
                "price_reg__min": 199.0,
                "price_promo__min": 164.99
            },
            "store_name": null
        },
        {
            "id": 30469,
            "name": "Чай Richard, Royal Ceylon, черный, 100х2 г",
            "mech": null,
            "img_link": "https://media.5ka.ru/media/products/3446638.jpg",
            "plu": 3446638,
            "promo": {
                "id": 1170494144,
                "date_begin": "2021-03-23",
                "date_end": "2021-03-29",
                "type": "",
                "description": "",
                "kind": "Z001",
                "expired_at": 3
            },
            "current_prices": {
                "price_reg__min": 199.0,
                "price_promo__min": 169.9
            },
            "store_name": null
        },
        {
            "id": 30502,
            "name": "Чай Richard Royal Earl Grey, черный, с бергамотом, 100х2 г",
            "mech": null,
            "img_link": "https://media.5ka.ru/media/products/3499718.jpg",
            "plu": 3499718,
            "promo": {
                "id": 1170494144,
                "date_begin": "2021-03-23",
                "date_end": "2021-03-29",
                "type": "",
                "description": "",
                "kind": "Z001",
                "expired_at": 3
            },
            "current_prices": {
                "price_reg__min": 245.0,
                "price_promo__min": 169.9
            },
            "store_name": null
        },
        {
            "id": 30423,
            "name": "TESS Чай САНРАЙЗ черный пакет.100х1,8г",
            "mech": null,
            "img_link": "https://media.5ka.ru/media/products/3378327.jpg",
            "plu": 3378327,
            "promo": {
                "id": 1170494144,
                "date_begin": "2021-03-23",
                "date_end": "2021-03-29",
                "type": "",
                "description": "",
                "kind": "Z001",
                "expired_at": 3
            },
            "current_prices": {
                "price_reg__min": 239.0,
                "price_promo__min": 179.99
            },
            "store_name": null
        },
        {
            "id": 30489,
            "name": "Чай Tess, чёрный, шиповник-яблоко, 100х1,5 г",
            "mech": null,
            "img_link": "https://media.5ka.ru/media/products/3472459.jpg",
            "plu": 3472459,
            "promo": {
                "id": 1170494144,
                "date_begin": "2021-03-23",
                "date_end": "2021-03-29",
                "type": "",
                "description": "",
                "kind": "Z001",
                "expired_at": 3
            },
            "current_prices": {
                "price_reg__min": 235.0,
                "price_promo__min": 179.99
            },
            "store_name": null
        },
        {
            "id": 30605,
            "name": "SAITO Чай ASIAN CEYLON черный пак.100х1,7г",
            "mech": null,
            "img_link": "https://media.5ka.ru/media/products/3998702.jpg",
            "plu": 3998702,
            "promo": {
                "id": 1170494144,
                "date_begin": "2021-03-23",
                "date_end": "2021-03-29",
                "type": "",
                "description": "",
                "kind": "Z001",
                "expired_at": 3
            },
            "current_prices": {
                "price_reg__min": 329.99,
                "price_promo__min": 199.99
            },
            "store_name": null
        },
        {
            "id": 11955,
            "name": "Чай Richard Love, черный с бергамотом, 80 г",
            "mech": null,
            "img_link": "https://media.5ka.ru/media/products/3483632.jpg",
            "plu": 3483632,
            "promo": {
                "id": 1163314563,
                "date_begin": "2021-02-28",
                "date_end": "2021-04-07",
                "type": "",
                "description": "",
                "kind": "Z011",
                "expired_at": 12
            },
            "current_prices": {
                "price_reg__min": 285.0,
                "price_promo__min": 229.99
            },
            "store_name": null
        },
        {
            "id": 30473,
            "name": "ГРИНФ.Чай СПР.МЕЛ.ч.ар.ф/душ.тр.100х1,5г",
            "mech": null,
            "img_link": "https://media.5ka.ru/media/products/3450276.jpg",
            "plu": 3450276,
            "promo": {
                "id": 1170494144,
                "date_begin": "2021-03-23",
                "date_end": "2021-03-29",
                "type": "",
                "description": "",
                "kind": "Z001",
                "expired_at": 3
            },
            "current_prices": {
                "price_reg__min": 289.99,
                "price_promo__min": 249.99
            },
            "store_name": null
        },
        {
            "id": 11989,
            "name": "Чай Акбар Gold, черный, 250 г",
            "mech": null,
            "img_link": "https://media.5ka.ru/media/products/3636930.jpg",
            "plu": 3636930,
            "promo": {
                "id": 1163314563,
                "date_begin": "2021-02-28",
                "date_end": "2021-04-07",
                "type": "",
                "description": "",
                "kind": "Z011",
                "expired_at": 12
            },
            "current_prices": {
                "price_reg__min": 349.99,
                "price_promo__min": 269.99
            },
            "store_name": null
        }
    ]
}