{
    "name": "Диетические продукты",
    "code": "913",
    "products": [
        {
            "id": 11917,
            "name": "ДИАДАР Отруби хрустящие овсяные 200г",
            "mech": null,
            "img_link": "https://media.5ka.ru/media/products/3388018.jpg",
            "plu": 3388018,
            "promo": {
                "id": 1163314563,
                "date_begin": "2021-02-28",
                "date_end": "2021-04-07",
                "type": "",
                "description": "",
                "kind": "Z011",
                "expired_at": 12
            },
            "current_prices": {
                "price_reg__min": 42.99,
                "price_promo__min": 34.99
            },
            "store_name": null
        },
        {
            "id": 11945,
            "name": "Цикорий Большая Чашка, классический, растворимый, 85 г",
            "mech": null,
            "img_link": "https://media.5ka.ru/media/products/3462819.jpg",
            "plu": 3462819,
            "promo": {
                "id": 1163314563,
                "date_begin": "2021-02-28",
                "date_end": "2021-04-07",
                "type": "",
                "description": "",
                "kind": "Z011",
                "expired_at": 12
            },
            "current_prices": {
                "price_reg__min": 67.95,
                "price_promo__min": 39.99
            },
            "store_name": null
        },
        {
            "id": 30562,
            "name": "Злаковая Полоска Corny Big, белый шоколад, 40 г",
            "mech": null,
            "img_link": "https://media.5ka.ru/media/products/3671314.jpg",
            "plu": 3671314,
            "promo": {
                "id": 1170494144,
                "date_begin": "2021-03-23",
                "date_end": "2021-03-29",
                "type": "",
                "description": "",
                "kind": "Z001",
                "expired_at": 3
            },
            "current_prices": {
                "price_reg__min": 47.99,
                "price_promo__min": 39.99
            },
            "store_name": null
        },
        {
            "id": 30601,
            "name": "Злаковая полоска с черникой \"Corny BIG\" 40 гр.",
            "mech": null,
            "img_link": "https://media.5ka.ru/media/products/3965897.jpg",
            "plu": 3965897,
            "promo": {
                "id": 1170494144,
                "date_begin": "2021-03-23",
                "date_end": "2021-03-29",
                "type": "",
                "description": "",
                "kind": "Z001",
                "expired_at": 3
            },
            "current_prices": {
                "price_reg__min": 47.99,
                "price_promo__min": 39.99
            },
            "store_name": null
        }
    ]
}