{
    "name": "Макароны",
    "code": "920",
    "products": [
        {
            "id": 18095,
            "name": "Изделия макаронные группа А, высший сорт, яичные: звездочки для супчика 250г",
            "mech": null,
            "img_link": "https://media.5ka.ru/media/products/4075782.jpg",
            "plu": 4075782,
            "promo": {
                "id": 1163314563,
                "date_begin": "2021-02-28",
                "date_end": "2021-04-07",
                "type": "",
                "description": "",
                "kind": "Z011",
                "expired_at": 12
            },
            "current_prices": {
                "price_reg__min": 49.99,
                "price_promo__min": 34.99
            },
            "store_name": null
        },
        {
            "id": 18064,
            "name": "Макаронные изделия из твердых сортов пшеницы группа А, высший сорт, Barilla, КАПЕЛЛИНИ 450 г.",
            "mech": null,
            "img_link": "https://media.5ka.ru/media/products/4037645.jpg",
            "plu": 4037645,
            "promo": {
                "id": 1163314563,
                "date_begin": "2021-02-28",
                "date_end": "2021-04-07",
                "type": "",
                "description": "",
                "kind": "Z011",
                "expired_at": 12
            },
            "current_prices": {
                "price_reg__min": 89.99,
                "price_promo__min": 66.99
            },
            "store_name": null
        },
        {
            "id": 18065,
            "name": "Макаронные изделия из твердых сортов пшеницы группа А, высший сорт, Barilla,ПЕННЕ РИГАТЕ 450г",
            "mech": null,
            "img_link": "https://media.5ka.ru/media/products/4037652.jpg",
            "plu": 4037652,
            "promo": {
                "id": 1163314563,
                "date_begin": "2021-02-28",
                "date_end": "2021-04-07",
                "type": "",
                "description": "",
                "kind": "Z011",
                "expired_at": 12
            },
            "current_prices": {
                "price_reg__min": 89.99,
                "price_promo__min": 66.99
            },
            "store_name": null
        },
        {
            "id": 18066,
            "name": "Макаронные изделия из твердых сортов пшеницы группа А, высший сорт, Barilla,ПИПЕ РИГАТЕ 450г",
            "mech": null,
            "img_link": "https://media.5ka.ru/media/products/4037654.jpg",
            "plu": 4037654,
            "promo": {
                "id": 1163314563,
                "date_begin": "2021-02-28",
                "date_end": "2021-04-07",
                "type": "",
                "description": "",
                "kind": "Z011",
                "expired_at": 12
            },
            "current_prices": {
                "price_reg__min": 89.99,
                "price_promo__min": 66.99
            },
            "store_name": null
        },
        {
            "id": 18062,
            "name": "Набор для приготовления \"Паста \"Портобелло\" в грибном соусе\" \"Увелка\" 0,34 кг",
            "mech": null,
            "img_link": "https://media.5ka.ru/media/products/4027518.jpg",
            "plu": 4027518,
            "promo": {
                "id": 1163314563,
                "date_begin": "2021-02-28",
                "date_end": "2021-04-07",
                "type": "",
                "description": "",
                "kind": "Z011",
                "expired_at": 12
            },
            "current_prices": {
                "price_reg__min": 89.99,
                "price_promo__min": 69.99
            },
            "store_name": null
        },
        {
            "id": 30460,
            "name": "LA MOLISANA Изд.макар.бантики 450г",
            "mech": null,
            "img_link": "https://media.5ka.ru/media/products/3438663.jpg",
            "plu": 3438663,
            "promo": {
                "id": 1170494144,
                "date_begin": "2021-03-23",
                "date_end": "2021-03-29",
                "type": "",
                "description": "",
                "kind": "Z001",
                "expired_at": 3
            },
            "current_prices": {
                "price_reg__min": 99.99,
                "price_promo__min": 89.99
            },
            "store_name": null
        },
        {
            "id": 30461,
            "name": "LA MOLISANA Изделия макар.облачка 450г",
            "mech": null,
            "img_link": "https://media.5ka.ru/media/products/3438666.jpg",
            "plu": 3438666,
            "promo": {
                "id": 1170494144,
                "date_begin": "2021-03-23",
                "date_end": "2021-03-29",
                "type": "",
                "description": "",
                "kind": "Z001",
                "expired_at": 3
            },
            "current_prices": {
                "price_reg__min": 99.99,
                "price_promo__min": 89.99
            },
            "store_name": null
        },
        {
            "id": 30462,
            "name": "LA MOLISANA Изд.макар.пружинки 450г",
            "mech": null,
            "img_link": "https://media.5ka.ru/media/products/3438670.jpg",
            "plu": 3438670,
            "promo": {
                "id": 1170494144,
                "date_begin": "2021-03-23",
                "date_end": "2021-03-29",
                "type": "",
                "description": "",
                "kind": "Z001",
                "expired_at": 3
            },
            "current_prices": {
                "price_reg__min": 99.99,
                "price_promo__min": 89.99
            },
            "store_name": null
        }
    ]
}