{
    "name": "Крупы",
    "code": "921",
    "products": [
        {
            "id": 11951,
            "name": "УВЕЛКА Хлопья гречневые 400г",
            "mech": null,
            "img_link": "https://media.5ka.ru/media/products/3477319.jpg",
            "plu": 3477319,
            "promo": {
                "id": 1163314563,
                "date_begin": "2021-02-28",
                "date_end": "2021-04-07",
                "type": "",
                "description": "",
                "kind": "Z011",
                "expired_at": 12
            },
            "current_prices": {
                "price_reg__min": 68.0,
                "price_promo__min": 59.99
            },
            "store_name": null
        }
    ]
}