{
    "name": "Продукты быстрого приготовления",
    "code": "926",
    "products": [
        {
            "id": 18034,
            "name": "Дегидрированные продукты Vegeta Суп грибной с вермишелью 40г",
            "mech": null,
            "img_link": "https://media.5ka.ru/media/products/3977919.jpg",
            "plu": 3977919,
            "promo": {
                "id": 1163314563,
                "date_begin": "2021-02-28",
                "date_end": "2021-04-07",
                "type": "",
                "description": "",
                "kind": "Z011",
                "expired_at": 12
            },
            "current_prices": {
                "price_reg__min": 34.49,
                "price_promo__min": 29.99
            },
            "store_name": null
        }
    ]
}