{
    "name": "Соусы и заправки",
    "code": "928",
    "products": [
        {
            "id": 11956,
            "name": "Соус Классический Thai-so, соевый, 250 мл",
            "mech": null,
            "img_link": "https://media.5ka.ru/media/products/3484963.jpg",
            "plu": 3484963,
            "promo": {
                "id": 1163314563,
                "date_begin": "2021-02-28",
                "date_end": "2021-04-07",
                "type": "",
                "description": "",
                "kind": "Z011",
                "expired_at": 12
            },
            "current_prices": {
                "price_reg__min": 38.99,
                "price_promo__min": 34.99
            },
            "store_name": null
        },
        {
            "id": 11921,
            "name": "СЭН СОЙ Соус ТЕРИЯКИ ПРЕМИУМ столов.120г",
            "mech": null,
            "img_link": "https://media.5ka.ru/media/products/3408179.jpg",
            "plu": 3408179,
            "promo": {
                "id": 1163314563,
                "date_begin": "2021-02-28",
                "date_end": "2021-04-07",
                "type": "",
                "description": "",
                "kind": "Z011",
                "expired_at": 12
            },
            "current_prices": {
                "price_reg__min": 44.99,
                "price_promo__min": 42.99
            },
            "store_name": null
        },
        {
            "id": 18024,
            "name": "Кетчуп первой категории Махеевъ \"Чили\" пакет ДОЙ-ПАК с дозатором 300 г",
            "mech": null,
            "img_link": "https://media.5ka.ru/media/products/3941585.jpg",
            "plu": 3941585,
            "promo": {
                "id": 1163314563,
                "date_begin": "2021-02-28",
                "date_end": "2021-04-07",
                "type": "",
                "description": "",
                "kind": "Z011",
                "expired_at": 12
            },
            "current_prices": {
                "price_reg__min": 59.99,
                "price_promo__min": 45.99
            },
            "store_name": null
        },
        {
            "id": 18074,
            "name": "Кетчуп Махеевъ \"Томатный\" Первая категория ДП 300г",
            "mech": null,
            "img_link": "https://media.5ka.ru/media/products/4044938.jpg",
            "plu": 4044938,
            "promo": {
                "id": 1163314563,
                "date_begin": "2021-02-28",
                "date_end": "2021-04-07",
                "type": "",
                "description": "",
                "kind": "Z011",
                "expired_at": 12
            },
            "current_prices": {
                "price_reg__min": 59.99,
                "price_promo__min": 45.99
            },
            "store_name": null
        },
        {
            "id": 18083,
            "name": "КУХМАСТЕР Соус \"Карри\" 260г.",
            "mech": null,
            "img_link": "https://media.5ka.ru/media/products/4064468.jpg",
            "plu": 4064468,
            "promo": {
                "id": 1163314563,
                "date_begin": "2021-02-28",
                "date_end": "2021-04-07",
                "type": "",
                "description": "",
                "kind": "Z011",
                "expired_at": 12
            },
            "current_prices": {
                "price_reg__min": 69.99,
                "price_promo__min": 49.99
            },
            "store_name": null
        },
        {
            "id": 18084,
            "name": "КУХМАСТЕР Соус \"Аджика\" 260г.",
            "mech": null,
            "img_link": "https://media.5ka.ru/media/products/4064470.jpg",
            "plu": 4064470,
            "promo": {
                "id": 1163314563,
                "date_begin": "2021-02-28",
                "date_end": "2021-04-07",
                "type": "",
                "description": "",
                "kind": "Z011",
                "expired_at": 12
            },
            "current_prices": {
                "price_reg__min": 69.99,
                "price_promo__min": 49.99
            },
            "store_name": null
        },
        {
            "id": 28196,
            "name": "Томатный кетчуп Heinz 342г",
            "mech": null,
            "img_link": "https://media.5ka.ru/media/products/4086400.jpg",
            "plu": 4086400,
            "promo": {
                "id": 1166715645,
                "date_begin": "2021-03-07",
                "date_end": "2021-04-07",
                "type": "",
                "description": "",
                "kind": "Z011",
                "expired_at": 12
            },
            "current_prices": {
                "price_reg__min": 99.99,
                "price_promo__min": 59.99
            },
            "store_name": null
        }
    ]
}