{
    "name": "Масло растительное",
    "code": "930",
    "products": [
        {
            "id": 18099,
            "name": "Масло оливковое нераф. Extra Virgin, ТМ «Global Village», 250мл",
            "mech": null,
            "img_link": "https://media.5ka.ru/media/products/4082388.jpg",
            "plu": 4082388,
            "promo": {
                "id": 1163314563,
                "date_begin": "2021-02-28",
                "date_end": "2021-04-07",
                "type": "",
                "description": "",
                "kind": "Z011",
                "expired_at": 12
            },
            "current_prices": {
                "price_reg__min": 189.99,
                "price_promo__min": 169.99
            },
            "store_name": null
        },
        {
            "id": 30376,
            "name": "Масло Filippo Berio, Organic, Extra Virgin, Olive Oil, 0,5 л",
            "mech": null,
            "img_link": "https://media.5ka.ru/media/products/2153521.jpg",
            "plu": 2153521,
            "promo": {
                "id": 1170494144,
                "date_begin": "2021-03-23",
                "date_end": "2021-03-29",
                "type": "",
                "description": "",
                "kind": "Z001",
                "expired_at": 3
            },
            "current_prices": {
                "price_reg__min": 399.99,
                "price_promo__min": 349.99
            },
            "store_name": null
        }
    ]
}