{
    "name": "Специи и приправы",
    "code": "931",
    "products": [
        {
            "id": 11852,
            "name": "KOTANYI Приправа ИТАЛ.ТР.в мельн.48г",
            "mech": null,
            "img_link": "https://media.5ka.ru/media/products/67129.jpg",
            "plu": 67129,
            "promo": {
                "id": 1163314563,
                "date_begin": "2021-02-28",
                "date_end": "2021-04-07",
                "type": "",
                "description": "",
                "kind": "Z011",
                "expired_at": 12
            },
            "current_prices": {
                "price_reg__min": 106.6,
                "price_promo__min": 99.99
            },
            "store_name": null
        },
        {
            "id": 11859,
            "name": "KOTANYI Приправа 4 ПЕРЦА в мельн.35г",
            "mech": null,
            "img_link": "https://media.5ka.ru/media/products/89000.jpg",
            "plu": 89000,
            "promo": {
                "id": 1163314563,
                "date_begin": "2021-02-28",
                "date_end": "2021-04-07",
                "type": "",
                "description": "",
                "kind": "Z011",
                "expired_at": 12
            },
            "current_prices": {
                "price_reg__min": 109.3,
                "price_promo__min": 99.99
            },
            "store_name": null
        },
        {
            "id": 11865,
            "name": "Приправа Kotanyi Чеснок-травы-соль 50г",
            "mech": null,
            "img_link": "https://media.5ka.ru/media/products/2058397.jpg",
            "plu": 2058397,
            "promo": {
                "id": 1163314563,
                "date_begin": "2021-02-28",
                "date_end": "2021-04-07",
                "type": "",
                "description": "",
                "kind": "Z011",
                "expired_at": 12
            },
            "current_prices": {
                "price_reg__min": 109.3,
                "price_promo__min": 99.99
            },
            "store_name": null
        }
    ]
}