{
    "name": "Фрукты",
    "code": "934",
    "products": [
        {
            "id": 25172,
            "name": "Дск Манго 1 кг",
            "mech": null,
            "img_link": "https://media.5ka.ru/media/products/3626871.jpg",
            "plu": 3626871,
            "promo": {
                "id": 1172968999,
                "date_begin": "2021-03-23",
                "date_end": "2021-03-29",
                "type": "",
                "description": "",
                "kind": "Z001",
                "expired_at": 3
            },
            "current_prices": {
                "price_reg__min": 199.99,
                "price_promo__min": 169.99
            },
            "store_name": null
        }
    ]
}