{
    "name": "Детское питание",
    "code": "936",
    "products": [
        {
            "id": 30629,
            "name": "БЗМЖ Творог «Мама Лама» с клубникой и бананом. Продукт предназначен д/дет.дошк/школ.возр.(стар.3-х лет).3,8% 100г",
            "mech": null,
            "img_link": "https://media.5ka.ru/media/products/4038850.jpg",
            "plu": 4038850,
            "promo": {
                "id": 1170494144,
                "date_begin": "2021-03-23",
                "date_end": "2021-03-29",
                "type": "",
                "description": "",
                "kind": "Z001",
                "expired_at": 3
            },
            "current_prices": {
                "price_reg__min": 32.99,
                "price_promo__min": 24.99
            },
            "store_name": null
        },
        {
            "id": 30630,
            "name": "БЗМЖ Творог «Мама Лама» с персиком и грушей. Продукт предназначен д/дет.дошк/школ.возр.(стар.3-х лет). 3,8 % 100г",
            "mech": null,
            "img_link": "https://media.5ka.ru/media/products/4038852.jpg",
            "plu": 4038852,
            "promo": {
                "id": 1170494144,
                "date_begin": "2021-03-23",
                "date_end": "2021-03-29",
                "type": "",
                "description": "",
                "kind": "Z001",
                "expired_at": 3
            },
            "current_prices": {
                "price_reg__min": 32.99,
                "price_promo__min": 24.99
            },
            "store_name": null
        },
        {
            "id": 30628,
            "name": "Напиток Биолакт, Мама Лама, яблоко и злаки, 200 г",
            "mech": null,
            "img_link": "https://media.5ka.ru/media/products/4038846.jpg",
            "plu": 4038846,
            "promo": {
                "id": 1170494144,
                "date_begin": "2021-03-23",
                "date_end": "2021-03-29",
                "type": "",
                "description": "",
                "kind": "Z001",
                "expired_at": 3
            },
            "current_prices": {
                "price_reg__min": 34.99,
                "price_promo__min": 29.99
            },
            "store_name": null
        },
        {
            "id": 7852,
            "name": "БЗМЖ Творог с бананом и яблоком \"nature\" 3,5% для детей 95г",
            "mech": null,
            "img_link": "https://media.5ka.ru/media/products/4087611.jpg",
            "plu": 4087611,
            "promo": {
                "id": 1163236940,
                "date_begin": "2021-02-28",
                "date_end": "2021-04-03",
                "type": "",
                "description": "",
                "kind": "Z011",
                "expired_at": 8
            },
            "current_prices": {
                "price_reg__min": 32.99,
                "price_promo__min": 30.99
            },
            "store_name": null
        },
        {
            "id": 5966,
            "name": "ФрутоНяня 80г. Пюре из капусты брокколи, кабачков и цветной капусты \"мой первый салатик\"",
            "mech": null,
            "img_link": "https://media.5ka.ru/media/products/3625195.jpg",
            "plu": 3625195,
            "promo": {
                "id": 1165122189,
                "date_begin": "2021-03-07",
                "date_end": "2021-04-06",
                "type": "",
                "description": "",
                "kind": "Z011",
                "expired_at": 11
            },
            "current_prices": {
                "price_reg__min": 34.9,
                "price_promo__min": 32.99
            },
            "store_name": null
        },
        {
            "id": 7814,
            "name": "БЗМЖ Коктейль молочный у/паст, для питания детей дошкольного и школьного возраста, со вкусом ванильного мороженого, МДЖ 2,0% 210г",
            "mech": null,
            "img_link": "https://media.5ka.ru/media/products/4022956.jpg",
            "plu": 4022956,
            "promo": {
                "id": 1163236940,
                "date_begin": "2021-02-28",
                "date_end": "2021-04-03",
                "type": "",
                "description": "",
                "kind": "Z011",
                "expired_at": 8
            },
            "current_prices": {
                "price_reg__min": 38.99,
                "price_promo__min": 33.99
            },
            "store_name": null
        },
        {
            "id": 7815,
            "name": "БЗМЖ Коктейль молочный ультрапастеризованный, для питания детей дошкольного и школьного возраста, со вкусом клубники, МДЖ 2,0%, 210г",
            "mech": null,
            "img_link": "https://media.5ka.ru/media/products/4022957.jpg",
            "plu": 4022957,
            "promo": {
                "id": 1163236940,
                "date_begin": "2021-02-28",
                "date_end": "2021-04-03",
                "type": "",
                "description": "",
                "kind": "Z011",
                "expired_at": 8
            },
            "current_prices": {
                "price_reg__min": 38.99,
                "price_promo__min": 33.99
            },
            "store_name": null
        },
        {
            "id": 7816,
            "name": "БЗМЖ Коктейль молочный у/паст., для питания детей дошкольного и школьного возраста, со вкусом карамельной ириски, МДЖ 2,0% 210г",
            "mech": null,
            "img_link": "https://media.5ka.ru/media/products/4022976.jpg",
            "plu": 4022976,
            "promo": {
                "id": 1163236940,
                "date_begin": "2021-02-28",
                "date_end": "2021-04-03",
                "type": "",
                "description": "",
                "kind": "Z011",
                "expired_at": 8
            },
            "current_prices": {
                "price_reg__min": 38.99,
                "price_promo__min": 33.99
            },
            "store_name": null
        },
        {
            "id": 7817,
            "name": "БЗМЖ Коктейль молочный у/паст., для питания детей дошкольного и школьного возраста, шоколадный, со вкусом банана, МДЖ 2,0% 210г",
            "mech": null,
            "img_link": "https://media.5ka.ru/media/products/4022977.jpg",
            "plu": 4022977,
            "promo": {
                "id": 1163236940,
                "date_begin": "2021-02-28",
                "date_end": "2021-04-03",
                "type": "",
                "description": "",
                "kind": "Z011",
                "expired_at": 8
            },
            "current_prices": {
                "price_reg__min": 38.99,
                "price_promo__min": 33.99
            },
            "store_name": null
        },
        {
            "id": 5973,
            "name": "Фруто Няня прод.дет.пит.для дет.ранн.возр.,прод.прикорм.-Пюре овощ.со слив.\"Овощной крем-суп из кап.брокк., цвет.кап. и морк\"200мл.",
            "mech": null,
            "img_link": "https://media.5ka.ru/media/products/3900018.jpg",
            "plu": 3900018,
            "promo": {
                "id": 1165122189,
                "date_begin": "2021-03-07",
                "date_end": "2021-04-06",
                "type": "",
                "description": "",
                "kind": "Z011",
                "expired_at": 11
            },
            "current_prices": {
                "price_reg__min": 45.99,
                "price_promo__min": 34.99
            },
            "store_name": null
        },
        {
            "id": 5974,
            "name": "Фруто Няня прод.дет.пит.для дет.ранн.возр.,прод.прик.-пюре овощ.со слов.\"овощной крем-суп из тыквы, картофеля и моркови\" 200 мл.",
            "mech": null,
            "img_link": "https://media.5ka.ru/media/products/3900019.jpg",
            "plu": 3900019,
            "promo": {
                "id": 1165122189,
                "date_begin": "2021-03-07",
                "date_end": "2021-04-06",
                "type": "",
                "description": "",
                "kind": "Z011",
                "expired_at": 11
            },
            "current_prices": {
                "price_reg__min": 45.99,
                "price_promo__min": 34.99
            },
            "store_name": null
        },
        {
            "id": 30496,
            "name": "ФРУТОН.Пюре из говядины с овощами 100г",
            "mech": null,
            "img_link": "https://media.5ka.ru/media/products/3496423.jpg",
            "plu": 3496423,
            "promo": {
                "id": 1170494144,
                "date_begin": "2021-03-23",
                "date_end": "2021-03-29",
                "type": "",
                "description": "",
                "kind": "Z001",
                "expired_at": 3
            },
            "current_prices": {
                "price_reg__min": 46.9,
                "price_promo__min": 39.99
            },
            "store_name": null
        },
        {
            "id": 30506,
            "name": "ФРУТОН.Пюре из мяса индейки с овощ.100г",
            "mech": null,
            "img_link": "https://media.5ka.ru/media/products/3501014.jpg",
            "plu": 3501014,
            "promo": {
                "id": 1170494144,
                "date_begin": "2021-03-23",
                "date_end": "2021-03-29",
                "type": "",
                "description": "",
                "kind": "Z001",
                "expired_at": 3
            },
            "current_prices": {
                "price_reg__min": 46.9,
                "price_promo__min": 39.99
            },
            "store_name": null
        },
        {
            "id": 22924,
            "name": "ФР-Н.Морс из клюк/черн/вишн.д/д пит.0,5л",
            "mech": null,
            "img_link": "https://media.5ka.ru/media/products/3416973.jpg",
            "plu": 3416973,
            "promo": {
                "id": 1163332313,
                "date_begin": "2021-02-28",
                "date_end": "2021-04-06",
                "type": "",
                "description": "",
                "kind": "Z011",
                "expired_at": 11
            },
            "current_prices": {
                "price_reg__min": 46.9,
                "price_promo__min": 44.99
            },
            "store_name": null
        },
        {
            "id": 22989,
            "name": "ФрутоНяня 0,5л Нектар яблочно-вишневый осветленный",
            "mech": null,
            "img_link": "https://media.5ka.ru/media/products/3626873.jpg",
            "plu": 3626873,
            "promo": {
                "id": 1163332313,
                "date_begin": "2021-02-28",
                "date_end": "2021-04-06",
                "type": "",
                "description": "",
                "kind": "Z011",
                "expired_at": 11
            },
            "current_prices": {
                "price_reg__min": 46.9,
                "price_promo__min": 44.99
            },
            "store_name": null
        },
        {
            "id": 7766,
            "name": "Молоко Маша и Медведь, ультрапастеризованное, 3,2%, 970 мл",
            "mech": null,
            "img_link": "https://media.5ka.ru/media/products/3694630.jpg",
            "plu": 3694630,
            "promo": {
                "id": 1163236940,
                "date_begin": "2021-02-28",
                "date_end": "2021-04-03",
                "type": "",
                "description": "",
                "kind": "Z011",
                "expired_at": 8
            },
            "current_prices": {
                "price_reg__min": 69.99,
                "price_promo__min": 64.99
            },
            "store_name": null
        }
    ]
}