{
    "name": "Майонез",
    "code": "950",
    "products": [
        {
            "id": 7805,
            "name": "Майонез Классический, Heinz, 67%, 350 г",
            "mech": null,
            "img_link": "https://media.5ka.ru/media/products/4002440.jpg",
            "plu": 4002440,
            "promo": {
                "id": 1163236940,
                "date_begin": "2021-02-28",
                "date_end": "2021-04-03",
                "type": "",
                "description": "",
                "kind": "Z011",
                "expired_at": 8
            },
            "current_prices": {
                "price_reg__min": 84.99,
                "price_promo__min": 69.99
            },
            "store_name": null
        },
        {
            "id": 7798,
            "name": "Майонез \"Московский Провансаль\" оливковый, массовая доля жира 67% 600мл.",
            "mech": null,
            "img_link": "https://media.5ka.ru/media/products/3982578.jpg",
            "plu": 3982578,
            "promo": {
                "id": 1163236940,
                "date_begin": "2021-02-28",
                "date_end": "2021-04-03",
                "type": "",
                "description": "",
                "kind": "Z011",
                "expired_at": 8
            },
            "current_prices": {
                "price_reg__min": 109.99,
                "price_promo__min": 99.99
            },
            "store_name": null
        }
    ]
}